source_id,topic,domain,title,url,final_url,char_count,word_count,heading_count,extraction_status,review_status,runtime_promoted,used_body_fallback,main_content_candidate_count,text_preview_start,text_preview_mid,text_preview_end,suspected_noise_markers,suspected_navigation_or_footer_noise,suspected_too_short,suspected_too_broad,suspected_duplicate_like_title,qa_status,reviewer_note
"nhs_blood_tests_overview_v1_4","general_lab_tests_blood_tests","nhs.uk","Blood tests","https://www.nhs.uk/tests-and-treatments/blood-tests/","https://www.nhs.uk/tests-and-treatments/blood-tests/","4168","733","10","ok","needs_human_review","false","false","2","Blood tests A blood test is often done to check your health, or to find out why you're having certain symptoms. It involves having a small amount of your blood taken for testing. Why a blood test is done There are lots of reasons why you may need a blood test. A blood test may be done to: check your general health find out if symptoms you're having are cause","some tests, you may need to: not eat or drink anything other than water (fast) stop taking certain medicines, such as medicines to help prevent blood clots (anticoagulant medicines) What happens at a blood test A blood test is usually done at a GP surgery or hospital. The test usually takes about 10 minutes. A healthcare professional will take a small amount"," a healthcare professional if you have questions about your results or do not understand them. Information: View your results online You may be able to see your test results using the NHS App or by logging into your account on the NHS website. Find out how to view your test results online Page last reviewed: 02 November 2023 Next review due: 02 November 2026","page last reviewed; next review due","true","false","false","true","needs_manual_review","Review suspected navigation/footer/reference/social/cookie noise. Title-like repetition detected; check duplicate header/title text."
"medlineplus_blood_testing_overview_v1_4","general_lab_tests_routine_blood_testing","medlineplus.gov","What You Need to Know About Blood Testing","https://medlineplus.gov/lab-tests/what-you-need-to-know-about-blood-testing/","https://medlineplus.gov/lab-tests/what-you-need-to-know-about-blood-testing/","8337","1331","8","ok","needs_human_review","false","false","7","What You Need to Know About Blood Testing What are blood tests? Blood tests are used to measure or look at cells, chemicals, proteins, or other substances in your blood . Blood testing, also known as blood work, is one of the most common types of lab tests. Blood work is often included as part of a regular checkup . Blood tests are also used to: Help diagnos"," or bruising at the spot where the needle was put in, but most symptoms go away quickly. There is very little risk to your baby with a heel stick test. Your baby may feel a little pinch when the heel is poked, and a small bruise may form at the site. Collecting blood from an artery is more painful than collecting from a vein, but complications are rare. You ","): World Health Organization; c2020. Simple/Rapid Tests; 2014 Jun 27 [cited 2024 Apr 09]; [about 1 screen]. Available from: https://www.who.int/news-room/q-a-detail/simple-rapid-tests The information on this site should not be used as a substitute for professional medical care or advice. Contact a health care provider if you have questions about your health.","references","true","false","false","true","needs_manual_review","Review suspected navigation/footer/reference/social/cookie noise. Title-like repetition detected; check duplicate header/title text."
"medlineplus_prepare_lab_test_v1_4","lab_preparation_fasting","medlineplus.gov","How to Prepare for a Lab Test","https://medlineplus.gov/lab-tests/how-to-prepare-for-a-lab-test/","https://medlineplus.gov/lab-tests/how-to-prepare-for-a-lab-test/","6790","1065","6","ok","needs_human_review","false","false","5","How to Prepare for a Lab Test How do I prepare for a lab test? A laboratory (lab) test is a procedure in which a health care provider takes a sample of your blood , urine , other body fluid, or body tissue to get information about your health. Lab tests may be used to: Help diagnose or screen for a specific disease or condition. Screening helps diagnose dise","st for a bit before your sample is taken. You may also have to avoid eating, drinking, or brushing your teeth for a certain period of time before your test. Fecal Occult Blood Test . For this test, you may need to avoid certain foods or medicines. 5-HIAA Test. For this test, you may be asked to avoid various foods. These may include avocados, bananas, pineap","ab, LLC; c2017. How To Prepare For Your Lab Tests; 2017 Sep 12 [cited 2024 Apr 09]; [about 2 screens]. Available from: https://www.walkinlab.com/blog/how-to-prepare-for-your-lab-tests The information on this site should not be used as a substitute for professional medical care or advice. Contact a health care provider if you have questions about your health.","references","true","false","false","true","needs_manual_review","Review suspected navigation/footer/reference/social/cookie noise. Title-like repetition detected; check duplicate header/title text."
"medlineplus_understand_lab_results_v1_4","medical_result_explanation_boundary","medlineplus.gov","How to Understand Your Lab Results","https://medlineplus.gov/lab-tests/how-to-understand-your-lab-results/","https://medlineplus.gov/lab-tests/how-to-understand-your-lab-results/","11581","1894","9","ok","needs_human_review","false","false","8","How to Understand Your Lab Results What is a laboratory test? A laboratory (lab) test checks a sample of your blood , urine (pee), or other body fluid or tissue to learn about your health. The sample is sent to a lab where health care professionals test it to see if it contains certain substances and, if so, how much. Some lab tests can clearly show whether ","oking for trends in your test results over time, it's important to try to use the same lab for testing. Second, test results are measured with different units of measurement. Just as you might measure ingredients for a recipe in teaspoons, cups, or ounces, different tests use different units of measurement. Examples of measurement you may see include: Mcg/dL",". Reference Ranges and What They Mean; [modified 2021 Jul 9; cited 2025 Aug 17]; [about 23 screens]. Available from: https://www.testing.com/articles/laboratory-test-reference-ranges/ The information on this site should not be used as a substitute for professional medical care or advice. Contact a health care provider if you have questions about your health.","references","true","false","false","true","needs_manual_review","Review suspected navigation/footer/reference/social/cookie noise. Title-like repetition detected; check duplicate header/title text."
"medlineplus_laboratory_tests_topic_v1_4","medical_result_boundary_general_labs","medlineplus.gov","Laboratory Tests","https://medlineplus.gov/laboratorytests.html","https://medlineplus.gov/laboratorytests.html","3601","517","17","ok","needs_human_review","false","false","1","Laboratory Tests On this page Basics Summary Start Here Learn More Specifics See, Play and Learn Videos and Tutorials Research Statistics and Research Clinical Trials Journal Articles Resources Reference Desk Find an Expert For You Children Summary Laboratory tests check a sample of your blood, urine, or body tissues. A technician or your doctor analyzes the","rary of Medicine) Also in Spanish How to Read Your Pathology Report (College of American Pathologists) How You Can Get the Best Results with Home Use Tests (Food and Drug Administration) Stool Tests (For Parents) (Nemours Foundation) Also in Spanish Venous Sampling (American College of Radiology; Radiological Society of North America) Also in Spanish What Yo","ture (For Parents) (Nemours Foundation) Also in Spanish Collecting a Stool Sample for Testing (For Parents) (Nemours Foundation) Also in Spanish Getting a Blood Test (For Parents) (Nemours Foundation) Also in Spanish How to Prepare Your Child for a Lab Test (National Library of Medicine) Also in Spanish Types of Blood Tests (For Parents) (Nemours Foundation)","references","true","false","false","true","needs_manual_review","Review suspected navigation/footer/reference/social/cookie noise. Title-like repetition detected; check duplicate header/title text."
"medlineplus_cbc_test_v1_4","cbc_anemia_infection_basics","medlineplus.gov","Complete Blood Count (CBC)","https://medlineplus.gov/lab-tests/complete-blood-count-cbc/","https://medlineplus.gov/lab-tests/complete-blood-count-cbc/","7022","1098","10","ok","needs_human_review","false","false","4","Complete Blood Count (CBC) What is a Complete Blood Count? A complete blood count, or CBC, is a group of blood tests that measure the number and size of the different cells in your blood. A CBC measures: Red blood cells , which carry oxygen from your lungs to the rest of your body. White blood cells , which fight infections and other diseases. There are five","hing else I need to know about a complete blood count? A complete blood count is only one tool your provider uses to learn about your health. Your provider will consider your medical history, symptoms, and other factors to make a diagnosis. You may also need additional tests. References Cleveland Clinic: Health Library: Diagnostics & Testing [Internet]. Clev","a; c2024. CBC Blood Test (Complete Blood Count); [modified 2022 Sep 28; cited 2024 Jul 17]; [about 12 screens]. Available from: https://www.testing.com/tests/complete-blood-count-cbc/ The information on this site should not be used as a substitute for professional medical care or advice. Contact a health care provider if you have questions about your health.","references","true","false","false","true","needs_manual_review","Review suspected navigation/footer/reference/social/cookie noise. Title-like repetition detected; check duplicate header/title text."
"medlineplus_blood_count_tests_v1_4","cbc_blood_count_overview","medlineplus.gov","Blood Count Tests","https://medlineplus.gov/bloodcounttests.html","https://medlineplus.gov/bloodcounttests.html","4137","589","16","ok","needs_human_review","false","false","1","Blood Count Tests Also called: CBC, Complete Blood Count, Hematologic Tests On this page Basics Summary Start Here Learn More Related Issues Specifics See, Play and Learn Images Research Clinical Trials Journal Articles Resources No links available For You Children Patient Handouts Summary Your blood contains red blood cells (RBC), white blood cells (WBC), a","c (National Library of Medicine) Also in Spanish Specifics Blood Differential (National Library of Medicine) Also in Spanish Blood Smear (National Library of Medicine) Also in Spanish Hematocrit Test (National Library of Medicine) Also in Spanish Hemoglobin Electrophoresis (National Library of Medicine) Also in Spanish Hemoglobin Test (National Library of Me","ish CBC blood test (Medical Encyclopedia) Also in Spanish Hematocrit (Medical Encyclopedia) Also in Spanish Hemoglobin (Medical Encyclopedia) Also in Spanish Platelet count (Medical Encyclopedia) Also in Spanish RBC count (Medical Encyclopedia) Also in Spanish RBC indices (Medical Encyclopedia) Also in Spanish WBC count (Medical Encyclopedia) Also in Spanish","references","true","false","false","true","needs_manual_review","Review suspected navigation/footer/reference/social/cookie noise. Title-like repetition detected; check duplicate header/title text."
"medlineplus_crp_test_v1_4","inflammation_infection_context","medlineplus.gov","C-Reactive Protein (CRP) Test","https://medlineplus.gov/lab-tests/c-reactive-protein-crp-test/","https://medlineplus.gov/lab-tests/c-reactive-protein-crp-test/","7869","1207","10","ok","needs_human_review","false","false","6","C-Reactive Protein (CRP) Test What is a c-reactive (CRP) protein test? A c-reactive protein test measures the level of c-reactive protein (CRP) in a sample of your blood. Your liver makes CRP in response to inflammation. Inflammation is your body's way of protecting your tissues and helping them heal from an injury , infection , or other disease. When it's a","esity . Sex. Females often have slightly higher CRP levels than males. Your CRP test results tell you how much inflammation you have in your body, but not what's causing it or where it is. To make a diagnosis, your provider will look at your CRP results along with the results of other tests, your symptoms, and medical history. Learn more about laboratory tes","Media; c2025. C Reactive Protein (CRP Blood Test); [modified 2022 Jul 29; cited 2025 May 23]; [about 13 screens]. Available from: https://www.testing.com/tests/c-reactive-protein-crp/ The information on this site should not be used as a substitute for professional medical care or advice. Contact a health care provider if you have questions about your health.","references","true","false","false","true","needs_manual_review","Review suspected navigation/footer/reference/social/cookie noise. Title-like repetition detected; check duplicate header/title text."
"medlineplus_blood_culture_v1_4","infection_testing_blood_culture","medlineplus.gov","Blood culture","https://medlineplus.gov/ency/article/003744.htm","https://medlineplus.gov/ency/article/003744.htm","3989","659","13","ok","needs_human_review","false","false","1","Blood culture A blood culture is a lab test to check for bacteria or other germs in a blood sample. How the Test is Performed A blood sample is needed . The site where blood will be drawn is first cleaned with an antiseptic such as chlorhexidine. This reduces the chance of an organism from the skin getting into (contaminating) the blood sample and causing a ","r this is bacteremia. This can cause sepsis. Sepsis is a medical emergency and you will be admitted to a hospital for treatment. Other types of germs, such as a fungus or a virus, may also be found in a blood culture. Sometimes, an abnormal result can be due to contamination. This means bacteria may be found, but it came from your skin or from the lab equipm","vier; 2026:chap 75. Review Date 10/19/2025 Updated by: Laura J. Martin, MD, MPH, ABIM Board Certified in Internal Medicine and Hospice and Palliative Medicine, Atlanta, GA. Also reviewed by David C. Dugdale, MD, Medical Director, Brenda Conaway, Editorial Director, and the A.D.A.M. Editorial team. Related MedlinePlus Health Topics Bacterial Infections Sepsis","references","true","false","false","true","needs_manual_review","Review suspected navigation/footer/reference/social/cookie noise. Title-like repetition detected; check duplicate header/title text."
"medlineplus_blood_glucose_test_v1_4","glucose_fasting_blood_glucose_diabetes_screening","medlineplus.gov","Blood Glucose Test","https://medlineplus.gov/lab-tests/blood-glucose-test/","https://medlineplus.gov/lab-tests/blood-glucose-test/","18723","2851","10","ok","needs_human_review","false","false","7","Blood Glucose Test What is a blood glucose test? A blood glucose test measures the glucose levels in your blood. Glucose is a type of sugar. It is your body's main source of energy. It comes from the food you eat. A hormone called insulin helps move glucose from your bloodstream into your cells for use as energy. If you have too much or too little glucose in","ed to do blood glucose testing at home to help manage your blood glucose levels. Your provider will let you know how often you should test. There are two ways to check your blood glucose. Your provider can help you decide which one is best for you: Blood glucose meters require you to prick your finger with a small device called a lancet. Then, you apply a dr","yperglycemia: Symptoms, Causes, and Treatments; [cited 2024 May 9]; [about 5 screens]. Available from: https://www.yalemedicine.org/conditions/hyperglycemia-symptoms-causes-treatments The information on this site should not be used as a substitute for professional medical care or advice. Contact a health care provider if you have questions about your health.","references","true","false","false","true","needs_manual_review","Review suspected navigation/footer/reference/social/cookie noise. Title-like repetition detected; check duplicate header/title text."
"medlineplus_hba1c_test_v1_4","hba1c_diabetes_monitoring_screening","medlineplus.gov","Hemoglobin A1C (HbA1c) Test","https://medlineplus.gov/lab-tests/hemoglobin-a1c-hba1c-test","https://medlineplus.gov/lab-tests/hemoglobin-a1c-hba1c-test/","10572","1666","10","ok","needs_human_review","false","false","6","Hemoglobin A1C (HbA1c) Test What is a hemoglobin A1C (HbA1C) test? A hemoglobin A1C (HbA1C) test is a blood test that shows your average level of blood glucose , also called blood sugar, over the past two to three months. Glucose is a type of sugar in your blood that comes from the foods you eat. Your cells use glucose for energy. A hormone called insulin he","factors. Ask your provider what A1C percentage is healthy for you. To diagnose diabetes or prediabetes, the percentages commonly used are: Normal: A1C below 5.7% Prediabetes: A1C between 5.7% and 6.4% Diabetes: A1C of 6.5% or higher Providers often use more than one test to diagnose diabetes. So, if your test result was higher than normal, you may have anoth","nternet]. Seattle (WA).: OneCare Media; c2025. Glucose Testing; [modified 2021 Nov 9; cited 2025 Apr. 10]; [about 11 screens]. Available from: https://www.testing.com/glucose-testing/ The information on this site should not be used as a substitute for professional medical care or advice. Contact a health care provider if you have questions about your health.","references","true","false","false","true","needs_manual_review","Review suspected navigation/footer/reference/social/cookie noise. Title-like repetition detected; check duplicate header/title text."
"niddk_diabetes_tests_diagnosis_v1_4","glucose_hba1c_diabetes_screening","niddk.nih.gov","Diabetes Tests & Diagnosis","https://www.niddk.nih.gov/health-information/diabetes/overview/tests-diagnosis","https://www.niddk.nih.gov/health-information/diabetes/overview/tests-diagnosis","9865","1694","18","ok","needs_human_review","false","false","3","Home Health Information Diabetes Diabetes Overview Diabetes Tests & Diagnosis English Español Diabetes Tests & Diagnosis In this section: Who should be tested for diabetes? What tests are used to diagnose diabetes? What test results tell me if I have diabetes or prediabetes? Which tests help my doctor know what kind of diabetes I have? Your doctor can diagno","n eat and drink before this test. Before using the A1C test to diagnose diabetes, your doctor will consider factors, such as whether you are in your second or third trimester of pregnancy or whether you have certain types of anemia or another problem with your blood. 1 The A1C test might not be accurate in those cases. Certain types of hemoglobin , called he","ional Institutes of Health. NIDDK translates and disseminates research findings to increase knowledge and understanding about health and disease among patients, health professionals, and the public. Content produced by NIDDK is carefully reviewed by NIDDK scientists and other experts. The NIDDK would like to thank: Randy Little, Ph.D., University of Missouri","share; facebook","true","false","false","true","needs_manual_review","Review suspected navigation/footer/reference/social/cookie noise. Title-like repetition detected; check duplicate header/title text."
"medlineplus_cholesterol_levels_v1_4","lipid_panel_cholesterol","medlineplus.gov","Cholesterol Levels","https://medlineplus.gov/lab-tests/cholesterol-levels/","https://medlineplus.gov/lab-tests/cholesterol-levels/","14515","2245","10","ok","needs_human_review","false","false","8","Cholesterol Levels What is a cholesterol test? A cholesterol test is a blood test that measures the amount of cholesterol and triglycerides (a type of fat) in your blood. Cholesterol is a waxy, fat-like substance that's found in your blood and every cell of your body. Your body needs some cholesterol to make hormones , vitamin D , and substances that help yo","lesterol and risk for heart disease. Stay active . Regular physical activity may help lower your LDL (bad) cholesterol levels and raise your HDL (good) cholesterol levels. It may also help you lose weight. Quit smoking . Smoking lowers your HDL (good) cholesterol, especially in women. Smoking also raises your LDL (bad) cholesterol. Reduce stress . Stress may","esterol; [reviewed 2024 Apr; cited 2024 Jul 11]; [about 3 screens]. Available from: https://testdirectory.questdiagnostics.com/test/test-guides/TS_LDL_Cholesterol/ldl-cholesterol?p=td The information on this site should not be used as a substitute for professional medical care or advice. Contact a health care provider if you have questions about your health.","references","true","false","false","true","needs_manual_review","Review suspected navigation/footer/reference/social/cookie noise. Title-like repetition detected; check duplicate header/title text."
"medlineplus_triglycerides_test_v1_4","lipid_panel_triglycerides","medlineplus.gov","Triglycerides Test","https://medlineplus.gov/lab-tests/triglycerides-test/","https://medlineplus.gov/lab-tests/triglycerides-test/","11123","1733","10","ok","needs_human_review","false","false","6","Triglycerides Test What is a triglycerides test? A triglycerides test is a blood test that measures the amount of a fat in your blood called triglycerides. High blood triglyceride levels may increase your risk for heart disease and stroke . A triglycerides test can help you decide if you need to take action to lower your risk. Some triglycerides are importan","ur child's provider to explain what your child's test results mean. Triglyceride levels that are higher than normal may mean you have a higher risk of heart disease, stroke, and other conditions that affect your arteries. Having high blood triglycerides also increases your risk of metabolic syndrome . Very high triglyceride levels increase your risk of sudde","ternet]. Seattle (WA): OneCare Media; c2024. Triglycerides; [modified 2022 Sep 28; cited 2024 Nov 15]; [about 11 screens]. Available from: https://www.testing.com/tests/triglycerides/ The information on this site should not be used as a substitute for professional medical care or advice. Contact a health care provider if you have questions about your health.","references","true","false","false","true","needs_manual_review","Review suspected navigation/footer/reference/social/cookie noise. Title-like repetition detected; check duplicate header/title text."
"medlineplus_liver_function_tests_v1_4","liver_function_alt_ast_bilirubin","medlineplus.gov","Liver Function Tests","https://medlineplus.gov/liverfunctiontests.html","https://medlineplus.gov/lab-tests/liver-function-tests/","8718","1372","9","ok","needs_human_review","false","false","5","Liver Function Tests What are liver function tests? Liver function tests (also called a liver panel) use a sample of your blood to measure several substances made by your liver. The most common liver function tests measure: Albumin , a protein made in the liver. Total protein . This test measures the total amount of protein in your blood, which includes albu","your provider will compare the results of all the substances that were measured. This is done to look for certain patterns of normal and abnormal results that suggest different types of liver conditions. In general, the results of your liver function tests can tell you if: Your liver is inflamed, which means you have hepatitis. You have hepatitis from drinki","23. Health Information: Liver Function Tests; [updated 2022 Sep 8; cited 2023 Jun 1]; [about 3 screens]. Available from: https://patient.uwhealth.org/healthwise/article/en-us/hw144350 The information on this site should not be used as a substitute for professional medical care or advice. Contact a health care provider if you have questions about your health.","references","true","false","false","true","needs_manual_review","Review suspected navigation/footer/reference/social/cookie noise. Title-like repetition detected; check duplicate header/title text."
"medlineplus_cmp_v1_4","cmp_liver_kidney_glucose_context","medlineplus.gov","Comprehensive Metabolic Panel (CMP)","https://medlineplus.gov/lab-tests/comprehensive-metabolic-panel-cmp/","https://medlineplus.gov/lab-tests/comprehensive-metabolic-panel-cmp/","8110","1256","10","ok","needs_human_review","false","false","6","Comprehensive Metabolic Panel (CMP) What is a comprehensive metabolic panel (CMP)? A comprehensive metabolic panel (CMP) is a routine blood test that measures 14 different substances in a sample of your blood. It provides important information about your metabolism (how your body uses food and energy) and the balance of certain chemicals in your body. A CMP ","ld affect your test results. Ask your provider to explain what your CMP results say about your health. In general, if you have one or more results that aren't normal, it may be a sign of a health condition. For example, high blood glucose may be a sign of diabetes . You will likely need more tests to confirm or rule out a specific diagnosis. If you have ques","023. Health Information: Total Serum Protein; [updated 2022 Sep 8; cited 2023 May 22]; [about 4 screens]. Available from: https://patient.uwhealth.org/healthwise/article/en-us/hw43614 The information on this site should not be used as a substitute for professional medical care or advice. Contact a health care provider if you have questions about your health.","references","true","false","false","true","needs_manual_review","Review suspected navigation/footer/reference/social/cookie noise. Title-like repetition detected; check duplicate header/title text."
"medlineplus_creatinine_test_v1_4","kidney_function_creatinine_egfr","medlineplus.gov","Creatinine Test","https://medlineplus.gov/lab-tests/creatinine-test","https://medlineplus.gov/lab-tests/creatinine-test/","14024","2197","9","ok","needs_human_review","false","false","8","Creatinine Test What is a creatinine test? This test measures creatinine levels in a sample of your blood and/or urine (pee). Creatinine is a normal waste product in your body. It's made when you use your muscles and some of the muscle tissue breaks down. Normally, your kidneys filter creatinine from your blood and remove it from your body in your urine. If ","eys are healthy. Sometimes, blood creatinine levels remain in a normal range during the early stages of kidney disease. They rise as the condition of your kidneys becomes more serious. If your provider suspects you have a kidney condition, you will likely have other kidney tests even if your creatinine results seem normal. If your results are abnormal, a sin","formation: Creatinine and Creatinine Clearance; [updated 2022 Sep 8; cited 2023 Jun 8]; [about 5 screens]. Available from: https://patient.uwhealth.org/healthwise/article/en-us/hw4322 The information on this site should not be used as a substitute for professional medical care or advice. Contact a health care provider if you have questions about your health.","references","true","false","false","true","needs_manual_review","Review suspected navigation/footer/reference/social/cookie noise. Title-like repetition detected; check duplicate header/title text."
"medlineplus_gfr_test_v1_4","kidney_function_egfr","medlineplus.gov","Glomerular Filtration Rate (GFR) Test","https://medlineplus.gov/lab-tests/glomerular-filtration-rate-gfr-test/","https://medlineplus.gov/lab-tests/glomerular-filtration-rate-gfr-test/","10024","1559","10","ok","needs_human_review","false","false","6","Glomerular Filtration Rate (GFR) Test What is a glomerular filtration rate (GFR) test? A glomerular filtration rate (GFR) test is a blood test that checks how well your kidneys are working. Your kidneys are two organs on either side of your spine near your waist. They have tiny filters called glomeruli. These filters remove waste and extra water from your bl","provider will explain what you can do to protect your kidneys from more damage and help prevent kidney failure. Learn more about laboratory tests, reference ranges, and understanding results . Is there anything else I need to know about a GFR test? Your provider may order other tests that check your kidney health . These tests may be ordered with an eGFR or ","Information: Glomerular Filtration Rate (GFR);[updated 2022 May 4; cited 2023 Feb 6]; [about 2 screens]. Available from: https://patient.uwhealth.org/healthwise/article/en-us/aa154102 The information on this site should not be used as a substitute for professional medical care or advice. Contact a health care provider if you have questions about your health.","references","true","false","false","true","needs_manual_review","Review suspected navigation/footer/reference/social/cookie noise. Title-like repetition detected; check duplicate header/title text."
"medlineplus_kidney_tests_v1_4","kidney_function_creatinine_egfr_urine_albumin","medlineplus.gov","Kidney Tests","https://medlineplus.gov/kidneytests.html","https://medlineplus.gov/kidneytests.html","4878","701","13","ok","needs_human_review","false","false","1","Kidney Tests Also called: Kidney Function Panel, Kidney Function Tests, Kidney Panel, Renal Function Panel On this page Basics Summary Start Here Learn More Specifics See, Play and Learn No links available Research Clinical Trials Journal Articles Resources No links available For You Patient Handouts Summary You have two kidneys. They are fist-sized organs o"," Also in Spanish Basic Metabolic Panel (BMP) (National Library of Medicine) Also in Spanish BUN (Blood Urea Nitrogen) (National Library of Medicine) Also in Spanish Calcium Blood Test (National Library of Medicine) Also in Spanish Calcium in Urine Test (National Library of Medicine) Also in Spanish Chloride Blood Test (National Library of Medicine) Also in S","nish BUN - blood test (Medical Encyclopedia) Also in Spanish Glomerular filtration rate (Medical Encyclopedia) Also in Spanish Kidney biopsy (Medical Encyclopedia) Also in Spanish Microalbuminuria test (Medical Encyclopedia) Also in Spanish Total protein (Medical Encyclopedia) Also in Spanish Urine protein dipstick test (Medical Encyclopedia) Also in Spanish","references","true","false","false","true","needs_manual_review","Review suspected navigation/footer/reference/social/cookie noise. Title-like repetition detected; check duplicate header/title text."
"medlineplus_urinalysis_v1_4","urinalysis_urine_protein_glucose_uti_kidney_context","medlineplus.gov","Urinalysis","https://medlineplus.gov/urinalysis.html","https://medlineplus.gov/urinalysis.html","3655","515","18","ok","needs_human_review","false","false","1","Urinalysis Also called: UA, Urine Analysis, Urine Test On this page Basics Summary Start Here Diagnosis and Tests Learn More Specifics See, Play and Learn Videos and Tutorials Research Clinical Trials Journal Articles Resources Find an Expert For You Children Teenagers Patient Handouts Summary A urinalysis is a test of your urine . It is often done to check ","ch) Also in Spanish Nitrites in Urine (National Library of Medicine) Also in Spanish Protein in Urine (National Library of Medicine) Also in Spanish Urine Color (Mayo Foundation for Medical Education and Research) Also in Spanish Urine Odor (Mayo Foundation for Medical Education and Research) Urobilinogen in Urine (National Library of Medicine) Also in Spani","ia) Also in Spanish RBC urine test (Medical Encyclopedia) Also in Spanish Urinalysis (Medical Encyclopedia) Also in Spanish Urine odor (Medical Encyclopedia) Also in Spanish Urine pH test (Medical Encyclopedia) Also in Spanish Urine protein dipstick test (Medical Encyclopedia) Also in Spanish Urine specific gravity test (Medical Encyclopedia) Also in Spanish","references","true","false","false","true","needs_manual_review","Review suspected navigation/footer/reference/social/cookie noise. Title-like repetition detected; check duplicate header/title text."
"medlineplus_microalbumin_creatinine_ratio_v1_4","urine_albumin_kidney_monitoring","medlineplus.gov","Microalbumin Creatinine Ratio","https://medlineplus.gov/lab-tests/microalbumin-creatinine-ratio/","https://medlineplus.gov/lab-tests/microalbumin-creatinine-ratio/","12823","2007","10","ok","needs_human_review","false","false","7","Microalbumin Creatinine Ratio What is a microalbumin creatinine ratio test? A microalbumin creatinine ratio urine test checks the levels of the protein albumin in your urine (pee). Abnormal amounts of this protein may be an early sign of kidney disease . Your kidneys are two organs on either side of your spine near your waist. Filters in your kidneys remove ","ikely need more tests to confirm your results. That's because temporary increases in albumin levels may be caused by exercise, certain medicines, fever, and inflammation in the body. Usually, you will have two more tests during the three to six months after your first test. If two out of three tests show abnormal levels of albumin in your urine, you may have","d Albumin to Creatinine Ratio; [modified 2022 Nov 29; cited 2025 May 08]; [about 19 screens]. Available from: https://www.testing.com/tests/urine-albumin-and-albumin-creatinine-ratio/ The information on this site should not be used as a substitute for professional medical care or advice. Contact a health care provider if you have questions about your health.","references","true","false","false","true","needs_manual_review","Review suspected navigation/footer/reference/social/cookie noise. Title-like repetition detected; check duplicate header/title text."
"niddk_albuminuria_v1_4","urine_albumin_ckd_screening_context","niddk.nih.gov","Albuminuria: Albumin in the Urine","https://www.niddk.nih.gov/health-information/kidney-disease/chronic-kidney-disease-ckd/tests-diagnosis/albuminuria-albumin-urine","https://www.niddk.nih.gov/health-information/kidney-disease/chronic-kidney-disease-ckd/tests-diagnosis/albuminuria-albumin-urine","4856","795","8","ok","needs_human_review","false","false","3","Home Health Information Kidney Disease Chronic Kidney Disease (CKD) Tests & Diagnosis Albuminuria: Albumin in the Urine English Español Albuminuria: Albumin in the Urine On this page: What is albuminuria? Why is urine albumin important? How is albuminuria detected? How can albuminuria be reduced? Clinical Trials What is albuminuria? Albuminuria is a sign of ","hnician places a dipstick, a strip of chemically treated paper, into the urine. The dipstick changes color if albumin is present in the urine. Albumin and creatinine measurement. A health care provider uses this measurement to determine the ratio between the albumin and creatinine in the urine and to estimate the amount of albumin excreted in 24 hours. Creat","tute of Diabetes and Digestive and Kidney Diseases (NIDDK), part of the National Institutes of Health. NIDDK translates and disseminates research findings to increase knowledge and understanding about health and disease among patients, health professionals, and the public. Content produced by NIDDK is carefully reviewed by NIDDK scientists and other experts.","share; facebook","true","false","false","true","needs_manual_review","Review suspected navigation/footer/reference/social/cookie noise. Title-like repetition detected; check duplicate header/title text."
"medlineplus_thyroid_tests_v1_4","thyroid_tests_tsh_t4","medlineplus.gov","Thyroid Tests","https://medlineplus.gov/thyroidtests.html","https://medlineplus.gov/thyroidtests.html","3605","502","6","ok","needs_human_review","false","false","1","Thyroid Tests Summary Your thyroid is a small, butterfly-shaped gland in the front of your neck. It makes hormones that control the way the body uses energy. These hormones affect nearly every organ in your body and control many of your body's most important functions. For example, they affect your breathing, heart rate, weight, digestion, and moods. Thyroid","Antibodies (National Library of Medicine) Also in Spanish Thyroid Function Tests (American Thyroid Association) Also in Spanish Thyroid Scan and Uptake (American College of Radiology; Radiological Society of North America) Also in Spanish Thyroid Tests (National Institute of Diabetes and Digestive and Kidney Diseases) Also in Spanish Thyroid Tests (For Paren","cal Encyclopedia) Also in Spanish TBG blood test (Medical Encyclopedia) Also in Spanish Thyroid peroxidase antibody (Medical Encyclopedia) Also in Spanish Thyroid scan (Medical Encyclopedia) Also in Spanish Thyroid ultrasound (Medical Encyclopedia) Also in Spanish TSH test (Medical Encyclopedia) Also in Spanish TSI test (Medical Encyclopedia) Also in Spanish","references","true","false","false","true","needs_manual_review","Review suspected navigation/footer/reference/social/cookie noise. Title-like repetition detected; check duplicate header/title text."
"medlineplus_tsh_test_v1_4","tsh_thyroid_screening","medlineplus.gov","TSH (Thyroid-stimulating hormone) Test","https://medlineplus.gov/lab-tests/tsh-thyroid-stimulating-hormone-test","https://medlineplus.gov/lab-tests/tsh-thyroid-stimulating-hormone-test/","11573","1754","10","ok","needs_human_review","false","false","7","TSH (Thyroid-stimulating hormone) Test What is a TSH Test? TSH stands for thyroid stimulating hormone . Another name for it is thyrotropin. A TSH test is a blood test that measures this hormone. A TSH level that is too high or too low may be a sign of a thyroid problem . The thyroid is a small, butterfly-shaped gland in the front of your neck. Your thyroid m","s healthy. For example, the following can affect your TSH level: Some serious illnesses (that are not related to your thyroid) may cause a lower TSH level for a short time. The TSH level may be higher in people over age 80, even though they don't have any thyroid problems. Pregnancy also affects your TSH level. They are often a little low during the first th","4. Thyroid-stimulating Hormone (TSH) Test; [modified 2022 Dec 06; cited 2024 Aug 19]; [about 10 screens]. Available from: https://www.testing.com/tests/thyroid-stimulating-hormone-tsh The information on this site should not be used as a substitute for professional medical care or advice. Contact a health care provider if you have questions about your health.","references","true","false","false","true","needs_manual_review","Review suspected navigation/footer/reference/social/cookie noise. Title-like repetition detected; check duplicate header/title text."
"medlineplus_t4_test_v1_4","t4_thyroid_testing","medlineplus.gov","Thyroxine (T4) Test","https://medlineplus.gov/lab-tests/thyroxine-t4-test/","https://medlineplus.gov/lab-tests/thyroxine-t4-test/","12764","1998","10","ok","needs_human_review","false","false","7","Thyroxine (T4) Test What is a thyroxine (T4) test? Thyroxine is also called T4. T4 is a hormone that your thyroid gland makes. A T4 test measures the level of T4 in a sample of your blood. Too much or too little T4 may be a sign of a thyroid problem . Your thyroid is a small, butterfly-shaped gland in the front of your neck. It makes hormones that control th","n autoimmune disorder that causes your immune system to attack your thyroid Certain stages of thyroiditis (inflammation of the thyroid) A pituitary problem (uncommon) or getting too much or too little iodine in your diet Congenital hypothyroidism Low T4 levels may also be caused by treatment for hyperthyroidism or thyroid cancer , including thyroid radiation","; c2024. Thyroid-stimulating Hormone (TSH); [modified 2022 Dec 6; cited 2024 Nov 21]; [about 15 screens]. Available from: https://www.testing.com/tests/thyroid-stimulating-hormone-tsh The information on this site should not be used as a substitute for professional medical care or advice. Contact a health care provider if you have questions about your health.","references","true","false","false","true","needs_manual_review","Review suspected navigation/footer/reference/social/cookie noise. Title-like repetition detected; check duplicate header/title text."
"niddk_thyroid_tests_v1_4","thyroid_tests_tsh_t4_t3","niddk.nih.gov","Thyroid Tests","https://www.niddk.nih.gov/health-information/diagnostic-tests/thyroid","https://www.niddk.nih.gov/health-information/diagnostic-tests/thyroid","8882","1514","11","ok","needs_human_review","false","false","3","Home Health Information Diagnostic Tests Thyroid Tests English Español Thyroid Tests Health care professionals use thyroid tests to check how well your thyroid is working and to find the cause of problems such as hyperthyroidism or hypothyroidism. The thyroid is a small, butterfly-shaped gland in the front of your neck that makes two thyroid hormones : thyro","thyroid is most often used to look for, or more closely at, thyroid nodules. Thyroid nodules are lumps in your neck. Ultrasound can help your doctor tell if the nodules are more likely to be cancerous. For an ultrasound, you will lie on an exam table and a technician will run a device called a transducer over your neck. The transducer bounces safe, painless ","e knowledge and understanding about health and disease among patients, health professionals, and the public. Content produced by NIDDK is carefully reviewed by NIDDK scientists and other experts. The NIDDK would like to thank: COL Henry B. Burch, MD, Chair, Endocrinology Division and Professor of Medicine, Uniformed Services University of the Health Sciences","share; facebook","true","false","false","true","needs_manual_review","Review suspected navigation/footer/reference/social/cookie noise. Title-like repetition detected; check duplicate header/title text."
