kb_id,source_id,domain,topic,title,intended_use,medical_scope,char_count,warning_flags,error_flags,suspected_noise_markers,duplicate_like_kb_ids,content_preview_500,reviewer_notes
"kb_v1_4_4a_001","nhs_blood_tests_overview_v1_4","nhs.uk","general_lab_tests_blood_tests","Blood tests","screening_context","general blood tests","876","","","","","Blood tests A blood test is often done to check your health, or to find out why you're having certain symptoms. It involves having a small amount of your blood taken for testing. Why a blood test is done There are lots of reasons why you may need a blood test. A blood test may be done to: check your general health find out if symptoms you're having are caused by certain conditions find out if you're more likely to get a condition find out how well a condition is being treated or managed How to b",""
"kb_v1_4_4a_002","nhs_blood_tests_overview_v1_4","nhs.uk","general_lab_tests_blood_tests","Common types of blood test","screening_context","general blood tests","861","","","","","Common types of blood test Test Why it's done Full blood count (FBC) Measures the number of blood cells in your blood to check for blood conditions such as iron deficiency anaemia Blood glucose Measures your blood sugar levels to check for or manage diabetes Urea and electrolytes, or renal panel Checks if the amount of certain substances in your blood may be causing your symptoms Lipid profile Measures your cholesterol levels to check your risk of getting conditions like cardiovascular disease a",""
"kb_v1_4_4a_003","nhs_blood_tests_overview_v1_4","nhs.uk","general_lab_tests_blood_tests","If you're worried about needles","result_boundary","general blood tests","1159","","","","","If you're worried about needles Tell the healthcare professional doing your blood test if you're worried about needles. They can help you feel more comfortable during the test. You can also bring someone with you to the blood test to support you. Getting your blood test results You may get your blood test results after a few days, and usually within a few weeks. If you do not hear anything after a few weeks, contact the GP surgery or specialist. The GP, nurse, or specialist should talk to you ab",""
"kb_v1_4_4a_004","medlineplus_blood_testing_overview_v1_4","medlineplus.gov","general_lab_tests_routine_blood_testing","What happens during a blood test?","result_boundary","general blood tests","1573","","","","","What happens during a blood test? A health care provider will need to take a sample of your blood. This is also called a blood draw. When a blood draw is taken from a vein, it's known as venipuncture. During venipuncture , a lab professional, known as a phlebotomist, will take a blood sample from a vein in your arm, using a small needle. After the needle is inserted, a small amount of blood will be collected into a test tube or vial. You may feel a little sting when the needle goes in or out. Th",""
"kb_v1_4_4a_005","medlineplus_blood_testing_overview_v1_4","medlineplus.gov","general_lab_tests_routine_blood_testing","Will I need to do anything to prepare for the test?","preparation_guidance","general blood tests","1150","","","","","Will I need to do anything to prepare for the test? You don't need any special preparations for most blood tests. For some tests, you may need to fast (not eat or drink) for several hours before your test. You may need to stop taking certain medicines before your test, so tell your provider about everything you take. But don't stop taking any medicines unless your provider tells you to. Your provider will let you know if there are any special instructions to follow. Are there any risks to the te",""
"kb_v1_4_4a_006","medlineplus_blood_testing_overview_v1_4","medlineplus.gov","general_lab_tests_routine_blood_testing","Is there anything else I should know about blood testing?","result_boundary","general blood tests","521","","","","","Is there anything else I should know about blood testing? Blood testing can provide important information about your health. But it doesn't always give enough information about your condition. If you've had blood work, you may also need other types of tests before your provider can make a diagnosis. To understand the results of your blood test, your provider may consider your symptoms, medical history, and the results of other tests. Learn more about laboratory tests, reference ranges, and under",""
"kb_v1_4_4a_007","medlineplus_prepare_lab_test_v1_4","medlineplus.gov","lab_preparation_fasting","Will I need to take other steps to prepare for my lab test?","result_boundary","liver function","1554","","","","","Will I need to take other steps to prepare for my lab test? For many lab tests, you don't need to do anything other than answer questions from your provider and/or lab professional. But for others, you may need to do some specific preparations before the test. One of the most common lab test preparations is fasting . Fasting means you should not eat or drink anything except water for up to several hours or overnight before your test. This is done because nutrients and ingredients in food are abs",""
"kb_v1_4_4a_008","medlineplus_prepare_lab_test_v1_4","medlineplus.gov","lab_preparation_fasting","What types of lab tests require special preparation?","preparation_guidance","liver function","912","","","","","What types of lab tests require special preparation? Some of the most common lab tests that require fasting include: Blood Glucose Test Cholesterol Levels Test Triglycerides Test Calcitonin Test Some of the most common lab tests that require other special preparations include: Creatinine Test , which may require fasting or avoiding cooked meats. Cortisol Test . For this test, you may need to rest for a bit before your sample is taken. You may also have to avoid eating, drinking, or brushing your",""
"kb_v1_4_4a_009","medlineplus_prepare_lab_test_v1_4","medlineplus.gov","lab_preparation_fasting","Is there anything else I should know about preparing for a lab test?","result_boundary","liver function","305","","","","","Is there anything else I should know about preparing for a lab test? Talk to your provider if you have questions or concerns about test preparations. They will let you know if there are any special instructions to follow. Be sure you understand your preparation instructions before the day of your test.",""
"kb_v1_4_4a_010","medlineplus_understand_lab_results_v1_4","medlineplus.gov","medical_result_explanation_boundary","How to Understand Your Lab Results","result_boundary","medical result interpretation boundary","1490","","","","","How to Understand Your Lab Results What is a laboratory test? A laboratory (lab) test checks a sample of your blood , urine (pee), or other body fluid or tissue to learn about your health. The sample is sent to a lab where health care professionals test it to see if it contains certain substances and, if so, how much. Some lab tests can clearly show whether you do or don't have a specific health condition. For example, a pregnancy test can show whether or not you are pregnant. Other lab tests pr",""
"kb_v1_4_4a_011","medlineplus_understand_lab_results_v1_4","medlineplus.gov","medical_result_explanation_boundary","What is a reference range?","result_boundary","medical result interpretation boundary","2258","","","","","What is a reference range? Lab test results are reported in different ways. Some results are a number. For example, your low-density lipoprotein (LDL) result for a cholesterol test may be 125 or 80. But how do you know what that number means? To answer that question, your lab report tells you whether your test result is in a normal range called a reference range or ""normal values."" A reference range is a set of numbers that form the high and low ends of the range of results that's considered to ",""
"kb_v1_4_4a_012","medlineplus_understand_lab_results_v1_4","medlineplus.gov","medical_result_explanation_boundary","What are false positive and false negative results?","result_boundary","medical result interpretation boundary","1277","","","","","What are false positive and false negative results? Tests results are usually accurate, but no test is perfect. A false positive result means your test shows you have a disease or condition, but you don't really have it. A false negative result means your test shows you don't have a disease or condition, but you really do. These incorrect results don't happen often, but they are more likely with certain types of tests, or if testing wasn't done right. If your provider thinks your test result may",""
"kb_v1_4_4a_013","medlineplus_understand_lab_results_v1_4","medlineplus.gov","medical_result_explanation_boundary","What if I do a home test?","result_boundary","medical result interpretation boundary","394","","","","","What if I do a home test? At-home test kits are available for many types of lab tests. The kits provide everything you need to collect a sample of body fluid or cells to send to a lab. At-home tests should never replace testing that your provider orders. Ask your provider or pharmacist to recommend a test you can trust. And talk with your provider about your results, even if they're normal.",""
"kb_v1_4_4a_014","medlineplus_cbc_test_v1_4","medlineplus.gov","cbc_anemia_infection_basics","Complete Blood Count (CBC)","general_lab_education","CBC / anemia / infection","986","","","","","Complete Blood Count (CBC) What is a Complete Blood Count? A complete blood count, or CBC, is a group of blood tests that measure the number and size of the different cells in your blood. A CBC measures: Red blood cells , which carry oxygen from your lungs to the rest of your body. White blood cells , which fight infections and other diseases. There are five major types of white blood cells. A CBC test measures the total number of white cells in your blood. A different test called a CBC with dif",""
"kb_v1_4_4a_015","medlineplus_cbc_test_v1_4","medlineplus.gov","cbc_anemia_infection_basics","What is it used for?","result_boundary","CBC / anemia / infection","933","","","","","What is it used for? A complete blood count is often part of a routine checkup . It is also used to monitor a condition or treatment that may affect your blood cell counts such as infections, anemia , immune system disorders , and blood cancers. Why do I need a complete blood count? Your health care provider may have ordered a complete blood count as part of your checkup or to monitor your overall health. The test may also be used to: Help diagnose blood diseases , infections, immune system diso",""
"kb_v1_4_4a_016","medlineplus_cbc_test_v1_4","medlineplus.gov","cbc_anemia_infection_basics","Will I need to do anything to prepare for the test?","result_boundary","CBC / anemia / infection","1693","","","","","Will I need to do anything to prepare for the test? Usually, no special preparation is necessary for a complete blood count. But if your provider ordered other tests on your blood sample, you may need to fast (not eat or drink) for several hours before the test. Your provider will let you know if there are any special instructions. Are there any risks to the test? There is very little risk to having a blood test. You may experience slight pain or bruising at the spot where the needle went in, bu",""
"kb_v1_4_4a_017","medlineplus_crp_test_v1_4","medlineplus.gov","inflammation_infection_context","C-Reactive Protein (CRP) Test","test_explanation","CBC / anemia / infection","1024","","","","","C-Reactive Protein (CRP) Test What is a c-reactive (CRP) protein test? A c-reactive protein test measures the level of c-reactive protein (CRP) in a sample of your blood. Your liver makes CRP in response to inflammation. Inflammation is your body's way of protecting your tissues and helping them heal from an injury , infection , or other disease. When it's acute (sudden) and for a short time, inflammation is helpful. For example, when you get a cut on your skin, the area around the cut may turn ",""
"kb_v1_4_4a_018","medlineplus_crp_test_v1_4","medlineplus.gov","inflammation_infection_context","Other names: c-reactive protein, serum","symptom_to_test_context","CBC / anemia / infection","800","","","","","Other names: c-reactive protein, serum What is it used for? By measuring the levels of c-reactive protein in your blood, a CRP test can tell your health care provider how much inflammation you have in your body. High CRP levels may mean you have an acute or chronic health condition, such as: Infections from bacteria or viruses . Inflammatory bowel disease, disorders of the intestines that include Crohn's disease and ulcerative colitis . Autoimmune disorders, such as lupus , rheumatoid arthritis ",""
"kb_v1_4_4a_019","medlineplus_crp_test_v1_4","medlineplus.gov","inflammation_infection_context","Will I need to do anything to prepare for the test?","result_boundary","CBC / anemia / infection","1335","","","","","Will I need to do anything to prepare for the test? Some medicines may affect your results. So, tell your provider about any supplements or medicines that you take, including magnesium and non-steroidal anti-inflammatory drugs (NSAIDS) such as ibuprofen and aspirin. Don't stop taking any prescription medicines without talking with your provider first. Are there any risks to the test? There is very little risk to having a blood test. You may have slight pain or bruising at the spot where the need",""
"kb_v1_4_4a_020","medlineplus_crp_test_v1_4","medlineplus.gov","inflammation_infection_context","Is there anything else I need to know about a CRP test?","screening_context","CBC / anemia / infection","311","","","","","Is there anything else I need to know about a CRP test? A CRP test is sometimes confused with a high-sensitivity-(hs) CRP test. They both measure CRP, but they are used for different conditions. An hs-CRP test measures very tiny increases in your CRP levels. It is used to estimate your risk of heart disease .",""
"kb_v1_4_4a_021","medlineplus_blood_culture_v1_4","medlineplus.gov","infection_testing_blood_culture","Blood culture","result_boundary","CBC / anemia / infection","868","","","","","Blood culture A blood culture is a lab test to check for bacteria or other germs in a blood sample. How the Test is Performed A blood sample is needed . The site where blood will be drawn is first cleaned with an antiseptic such as chlorhexidine. This reduces the chance of an organism from the skin getting into (contaminating) the blood sample and causing a false-positive result (see below). The sample is sent to a lab. There, it is placed in a special dish (culture). It is then watched to see i",""
"kb_v1_4_4a_022","medlineplus_blood_culture_v1_4","medlineplus.gov","infection_testing_blood_culture","How to Prepare for the Test","result_boundary","CBC / anemia / infection","1413","","","","","How to Prepare for the Test There is no special preparation. How the Test will Feel When the needle is inserted to draw blood, some people feel moderate pain. Others feel only a prick or stinging. Afterward, there may be some throbbing or a slight bruise. This soon goes away. Why the Test is Performed Your health care provider may order this test if you have symptoms of a serious infection, also known as sepsis . Symptoms of sepsis can include high fever, chills, rapid breathing and heart rate, ",""
"kb_v1_4_4a_023","medlineplus_blood_culture_v1_4","medlineplus.gov","infection_testing_blood_culture","Risks","screening_context","CBC / anemia / infection","562","","","","","Risks There is little risk involved with having your blood taken. Veins and arteries vary in size from one person to another and from one side of the body to the other. Taking blood from some people may be more difficult than from others. Other risks associated with having blood drawn are slight, but may include: Excessive bleeding Fainting or feeling lightheaded Multiple punctures to locate veins Hematoma (blood accumulating under the skin) Infection (a slight risk any time the skin is broken) ",""
"kb_v1_4_4a_024","medlineplus_blood_glucose_test_v1_4","medlineplus.gov","glucose_fasting_blood_glucose_diabetes_screening","What is it used for?","result_boundary","glucose / HbA1c / diabetes screening","1691","","","","","What is it used for? A blood glucose test may be used: As part of a routine checkup to screen for prediabetes and diabetes To help diagnose the cause of symptoms that may mean your blood glucose is too high or too low To monitor the side effects of certain long-term medicines that may affect blood glucose Why do I need a blood glucose test? Your provider may order a blood glucose test as part of your routine checkup. Routine blood tests that include a glucose test include a basic metabolic panel",""
"kb_v1_4_4a_025","medlineplus_blood_glucose_test_v1_4","medlineplus.gov","glucose_fasting_blood_glucose_diabetes_screening","Will I need to do anything to prepare for the test?","result_boundary","glucose / HbA1c / diabetes screening","1201","","","","","Will I need to do anything to prepare for the test? If your provider orders a fasting blood glucose test or an oral glucose tolerance test, you will need to fast for at least eight hours before the test. If your glucose test is part of a BMP or CMP test, you may need to fast. Other blood glucose tests don't require any special preparations. Ask your provider whether you need to fast before your glucose test. Are there any risks to the test? There is very little risk to having a blood test. You m",""
"kb_v1_4_4a_026","medlineplus_hba1c_test_v1_4","medlineplus.gov","hba1c_diabetes_monitoring_screening","Hemoglobin A1C (HbA1c) Test","result_boundary","glucose / HbA1c / diabetes screening","1304","","","","","Hemoglobin A1C (HbA1c) Test What is a hemoglobin A1C (HbA1C) test? A hemoglobin A1C (HbA1C) test is a blood test that shows your average level of blood glucose , also called blood sugar, over the past two to three months. Glucose is a type of sugar in your blood that comes from the foods you eat. Your cells use glucose for energy. A hormone called insulin helps glucose get into your cells. If you have diabetes your body doesn't make enough insulin, or your cells don't use it well. As a result, g",""
"kb_v1_4_4a_027","medlineplus_hba1c_test_v1_4","medlineplus.gov","hba1c_diabetes_monitoring_screening","Other names: HbA1C, A1C, glycohemoglobin, glycated hemoglobin, glycosylated hemoglobin","result_boundary","glucose / HbA1c / diabetes screening","1160","","","","","Other names: HbA1C, A1C, glycohemoglobin, glycated hemoglobin, glycosylated hemoglobin What is it used for? Your blood glucose level changes all the time. If you're checking it at home, you are measuring what your blood glucose level is at that time. An A1C test gives you an average level of your blood glucose level over the past two to three months. An A1C test may be used to screen for or diagnose: Type 2 diabetes . With type 2 diabetes your blood glucose gets too high because your body doesn'",""
"kb_v1_4_4a_028","medlineplus_hba1c_test_v1_4","medlineplus.gov","hba1c_diabetes_monitoring_screening","Why do I need an A1C test?","result_boundary","glucose / HbA1c / diabetes screening","1324","","","","","Why do I need an A1C test? The Centers for Disease Control (CDC) recommends A1C testing for diabetes and prediabetes if: You are over age 45. If your results are normal, your provider will tell you how often you should be tested based on your age and risk factors. If your results show you have prediabetes, you will usually need to be tested every 1 to 2 years. Ask your provider how often to get tested and what you can do to reduce your risk of developing diabetes. If your results show you have d",""
"kb_v1_4_4a_029","medlineplus_hba1c_test_v1_4","medlineplus.gov","hba1c_diabetes_monitoring_screening","Is there anything else I need to know about an A1C test?","result_boundary","glucose / HbA1c / diabetes screening","449","","","","","Is there anything else I need to know about an A1C test? The A1C test is not used to diagnose gestational diabetes. Also, if you have a condition that affects your red blood cells, such as anemia or another type of blood disorder, an A1C test may not be accurate for diagnosing diabetes. Kidney failure and liver disease can also affect A1C results. In these cases, your provider may recommend different tests to diagnose diabetes and prediabetes.",""
"kb_v1_4_4a_030","niddk_diabetes_tests_diagnosis_v1_4","niddk.nih.gov","glucose_hba1c_diabetes_screening","Fasting plasma glucose test","result_boundary","glucose / HbA1c / diabetes screening","1370","","","","","Fasting plasma glucose test The fasting plasma glucose (FPG) test measures your blood glucose level at a single point in time. For the most reliable results, your doctor will give you the test in the morning after you have fasted for at least 8 hours. Fasting means having nothing to eat or drink except sips of water. A1C test The A1C test is a blood test that provides your average levels of blood glucose over the last 3 months. Other names for the A1C test are hemoglobin A1C, HbA1C, glycated hem",""
"kb_v1_4_4a_031","medlineplus_cholesterol_levels_v1_4","medlineplus.gov","lipid_panel_cholesterol","Other names for a cholesterol test: Lipid profile, Lipid panel","screening_context","lipid / cholesterol / triglycerides","1441","","","","","Other names for a cholesterol test: Lipid profile, Lipid panel What is it used for? A cholesterol test gives you and your health care provider important information about your risk of developing heart disease. If your test shows you have high cholesterol, you can take steps to lower it . This may decrease your risk of developing heart problems in the future. A cholesterol test measures your: LDL level. LDL (""bad"") cholesterol is the main source of blockages in the arteries. HDL level. HDL (""good",""
"kb_v1_4_4a_032","medlineplus_cholesterol_levels_v1_4","medlineplus.gov","lipid_panel_cholesterol","Why do I need a cholesterol test?","screening_context","lipid / cholesterol / triglycerides","836","","","","","Why do I need a cholesterol test? Your provider may order a cholesterol test as part of a routine exam . When and how often you should get a cholesterol test depends on your age, risk factors, and family history. The general recommendations are: For people who are age 19 or younger: The first test should be between ages 9 to 11 Children should have the test again every 5 years Some children may have this test starting at age 2 if there is a family history of high cholesterol, heart attack, or st",""
"kb_v1_4_4a_033","medlineplus_cholesterol_levels_v1_4","medlineplus.gov","lipid_panel_cholesterol","Will I need to do anything to prepare for the test?","result_boundary","lipid / cholesterol / triglycerides","815","","","","","Will I need to do anything to prepare for the test? You may need to fast (not eat or drink) for 9 to 12 hours before your blood cholesterol test. That's why the tests are often done in the morning. Your provider will let you know if you need to fast and if there are any other special instructions. Are there any risks to the test? There is very little risk to having a blood test. You may experience slight pain or bruising at the spot where the needle was put in, but most symptoms go away quickly.",""
"kb_v1_4_4a_034","medlineplus_triglycerides_test_v1_4","medlineplus.gov","lipid_panel_triglycerides","What happens during a triglycerides test?","preparation_guidance","lipid / cholesterol / triglycerides","802","","","","","What happens during a triglycerides test? During the test, a health care professional will take a blood sample from a vein in your arm, using a small needle. After the needle is inserted, a small amount of blood will be collected into a test tube or vial. You may feel a little sting when the needle goes in or out. This usually takes less than five minutes. Will I need to do anything to prepare for the test? You may need to fast (not eat or drink) for 9 to 12 hours before your blood is drawn. You",""
"kb_v1_4_4a_035","medlineplus_liver_function_tests_v1_4","medlineplus.gov","liver_function_alt_ast_bilirubin","What are they used for?","result_boundary","liver function","845","","","","","What are they used for? Liver function tests are most often used to help: Find out if liver disease or damage could be causing certain symptoms Learn how serious liver disease is after it has been diagnosed Monitor liver disease over time and/or find out how well treatment is working Check for side effects of certain medicines that can affect the liver Why do I need liver function testing? Many liver function tests are included in a common blood test called a comprehensive metabolic panel (CMP) ",""
"kb_v1_4_4a_036","medlineplus_cmp_v1_4","medlineplus.gov","cmp_liver_kidney_glucose_context","Other names: chem 14, chemistry panel, chemistry screen, metabolic panel","result_boundary","glucose / HbA1c / diabetes screening","983","","","","","Other names: chem 14, chemistry panel, chemistry screen, metabolic panel What is it used for? A CMP is commonly used as part of a routine checkup . It can provide information about your overall health and help find certain conditions before you have symptoms. For example, a CMP can check your: Liver and kidney health Blood glucose Protein levels Fluid and electrolyte balance , which can affect the acid-base balance in your blood Metabolism A CMP may also be used to help: Diagnose the cause of ce",""
"kb_v1_4_4a_037","medlineplus_cmp_v1_4","medlineplus.gov","cmp_liver_kidney_glucose_context","What do the results mean?","result_boundary","glucose / HbA1c / diabetes screening","813","","","","","What do the results mean? The results of your CMP test will usually list the levels of each of the 14 substances that were measured. To understand what your results mean, your provider will compare all the results. Your provider will also consider your health history, any medicines you take, and other things that could affect your test results. Ask your provider to explain what your CMP results say about your health. In general, if you have one or more results that aren't normal, it may be a sig",""
"kb_v1_4_4a_038","medlineplus_cmp_v1_4","medlineplus.gov","cmp_liver_kidney_glucose_context","Is there anything else I need to know about a CMP?","screening_context","glucose / HbA1c / diabetes screening","376","","","","","Is there anything else I need to know about a CMP? Another test called a basic metabolic panel (BMP) is similar to a CMP. A BMP includes 8 of the 14 tests that are part of a CMP. A BMP does not include a measurement of: Total protein Albumin Bilirubin Liver enzymes (ALP, ALT, and AST) Your provider may choose a CMP or a BMP, depending on your health history and needs.",""
"kb_v1_4_4a_039","medlineplus_creatinine_test_v1_4","medlineplus.gov","kidney_function_creatinine_egfr","Creatinine Test","screening_context","kidney function / creatinine / eGFR","803","","","","","Creatinine Test What is a creatinine test? This test measures creatinine levels in a sample of your blood and/or urine (pee). Creatinine is a normal waste product in your body. It's made when you use your muscles and some of the muscle tissue breaks down. Normally, your kidneys filter creatinine from your blood and remove it from your body in your urine. If there is a problem with your kidneys, creatinine can build up in your blood and less may be released in urine. If blood and/or urine creatin",""
"kb_v1_4_4a_040","medlineplus_creatinine_test_v1_4","medlineplus.gov","kidney_function_creatinine_egfr","Why do I need a creatinine test?","screening_context","kidney function / creatinine / eGFR","856","","","","","Why do I need a creatinine test? Your provider may order a creatinine test: To check your kidney health as part of a routine checkup. If you have symptoms of kidney disease. Symptoms may include: Swelling in the hands and feet or puffy eyelids Dry skin, itching , or numbness Fatigue Increased or decreased need to urinate (pee) Urine that is bloody or foamy Loss of appetite and weight loss Muscle cramps Nausea and vomiting Shortness of breath Sleep problems Trouble thinking clearly If you have a ",""
"kb_v1_4_4a_041","medlineplus_creatinine_test_v1_4","medlineplus.gov","kidney_function_creatinine_egfr","Will I need to do anything to prepare for the test?","result_boundary","kidney function / creatinine / eGFR","822","","","","","Will I need to do anything to prepare for the test? Your provider will let you know how to prepare for your test. You may be told to not eat meat for 24 hours before your test. That's because meat can temporarily increase creatinine levels. If creatinine is being measured as part of a CMP or a BMP test, you may need to fast (not eat or drink) for up to 12 hours before your test. Certain medicines and supplements can affect your test results. So be sure to tell your provider everything you're tak",""
"kb_v1_4_4a_042","medlineplus_creatinine_test_v1_4","medlineplus.gov","kidney_function_creatinine_egfr","What do the results mean?","result_boundary","kidney function / creatinine / eGFR","1014","","","","","What do the results mean? Creatinine levels that are considered normal for you will depend on how much muscle you have, what you eat, your age, and how active you are. If you're healthy, your levels are usually fairly stable over time. But a normal creatinine test result doesn't always mean that your kidneys are healthy. Sometimes, blood creatinine levels remain in a normal range during the early stages of kidney disease. They rise as the condition of your kidneys becomes more serious. If your p",""
"kb_v1_4_4a_043","medlineplus_gfr_test_v1_4","medlineplus.gov","kidney_function_egfr","Glomerular Filtration Rate (GFR) Test","result_boundary","kidney function / creatinine / eGFR","1323","","","","","Glomerular Filtration Rate (GFR) Test What is a glomerular filtration rate (GFR) test? A glomerular filtration rate (GFR) test is a blood test that checks how well your kidneys are working. Your kidneys are two organs on either side of your spine near your waist. They have tiny filters called glomeruli. These filters remove waste and extra water from your blood and gets rid of them through urine (pee). If your kidneys have been damaged by kidney disease , they can't filter your blood as fast as ",""
"kb_v1_4_4a_044","medlineplus_gfr_test_v1_4","medlineplus.gov","kidney_function_egfr","Swelling in your legs, feet, ankles, or hands or face","result_boundary","kidney function / creatinine / eGFR","922","","","","","Swelling in your legs, feet, ankles, or hands or face Urinating (peeing) more often or less often than usual Dry skin and/or itching Fatigue Muscle cramps Nausea and vomiting Loss of appetite What happens during a GFR test? A health care professional will take a blood sample from a vein in your arm, using a small needle. After the needle is inserted, a small amount of blood will be collected into a test tube or vial. You may feel a little sting when the needle goes in or out. This usually takes ",""
"kb_v1_4_4a_045","medlineplus_gfr_test_v1_4","medlineplus.gov","kidney_function_egfr","Is there anything else I need to know about a GFR test?","result_boundary","kidney function / creatinine / eGFR","640","","","","","Is there anything else I need to know about a GFR test? Your provider may order other tests that check your kidney health . These tests may be ordered with an eGFR or to find the cause of an abnormal eGFR result. They include: A protein in urine test . Protein in urine is a sign of kidney damage. A microalbumin creatinine ratio test . This test checks for very small amounts of a protein called albumin in a sample of your urine. Albumin in urine may be one of the first signs of kidney disease. A ",""
"kb_v1_4_4a_046","medlineplus_microalbumin_creatinine_ratio_v1_4","medlineplus.gov","urine_albumin_kidney_monitoring","Microalbumin Creatinine Ratio","screening_context","kidney function / creatinine / eGFR","1209","","","","","Microalbumin Creatinine Ratio What is a microalbumin creatinine ratio test? A microalbumin creatinine ratio urine test checks the levels of the protein albumin in your urine (pee). Abnormal amounts of this protein may be an early sign of kidney disease . Your kidneys are two organs on either side of your spine near your waist. Filters in your kidneys remove waste and extra water from your blood and gets rid of them through urine. Albumin, however, is not a waste product. It is a common protein f",""
"kb_v1_4_4a_047","medlineplus_microalbumin_creatinine_ratio_v1_4","medlineplus.gov","urine_albumin_kidney_monitoring","Other names: albumin-creatinine ratio; urine albumin; microalbumin, urine; ACR; UACR","result_boundary","kidney function / creatinine / eGFR","1387","","","","","Other names: albumin-creatinine ratio; urine albumin; microalbumin, urine; ACR; UACR What is it used for? A microalbumin creatinine ratio test is most often used to look for signs of kidney disease in people who have a high risk of developing it but don't have symptoms. You're more likely to develop kidney disease if you: Have diabetes Have high blood pressure Have a family health history of kidney disease, diabetes, or high blood pressure Have heart disease Are over 50 years old Smoke Have obes",""
"kb_v1_4_4a_048","niddk_albuminuria_v1_4","niddk.nih.gov","urine_albumin_ckd_screening_context","Home","result_boundary","urinalysis / urine albumin","953","","","","","Home Health Information Kidney Disease Chronic Kidney Disease (CKD) Tests & Diagnosis Albuminuria: Albumin in the Urine English Español Albuminuria: Albumin in the Urine On this page: What is albuminuria? Why is urine albumin important? How is albuminuria detected? How can albuminuria be reduced? Clinical Trials What is albuminuria? Albuminuria is a sign of kidney disease and means that you have too much albumin in your urine. Albumin is a protein found in the blood. A healthy kidney doesn’t let",""
"kb_v1_4_4a_049","niddk_albuminuria_v1_4","niddk.nih.gov","urine_albumin_ckd_screening_context","Why is urine albumin important?","result_boundary","urinalysis / urine albumin","1996","","","","","Why is urine albumin important? Measurement of urine albumin is an important tool for diagnosing kidney disease monitoring the progression of kidney disease Health care providers regularly test people for albuminuria as part of a routine medical exam and will closely monitor urine albumin in people with kidney disease. A urine albumin level that stays the same or goes down may mean that treatments are working. Treatment that lowers the urine albumin level may lower the chances that kidney diseas",""
"kb_v1_4_4a_050","medlineplus_tsh_test_v1_4","medlineplus.gov","tsh_thyroid_screening","Other names: thyrotropin test, thyrotropic hormone","screening_context","thyroid testing","1037","","","","","Other names: thyrotropin test, thyrotropic hormone What is it used for? A TSH test is used to find out how well your thyroid is working. It can tell if you have hyperthyroidism (too much thyroid hormone) or hypothyroidism (too little thyroid hormone) in your blood. But a TSH test can't show what is causing a thyroid problem. If you take prescription thyroid hormone medicine because of hypothyroidism or because you had your thyroid removed, you'll have regular TSH tests to check your thyroid horm",""
"kb_v1_4_4a_051","medlineplus_tsh_test_v1_4","medlineplus.gov","tsh_thyroid_screening","Will I need to do anything to prepare for the test?","result_boundary","thyroid testing","1015","","","","","Will I need to do anything to prepare for the test? You may need to stop taking certain medicines before this test, so tell your provider about everything you take. But don't stop taking any medicines unless your provider tells you to. If your health care provider has ordered other blood tests, you may need to fast (not eat or drink) for several hours before the test. Your provider will let you know if there are any special instructions. Are there any risks to the test? There is very little risk",""
"kb_v1_4_4a_052","medlineplus_t4_test_v1_4","medlineplus.gov","t4_thyroid_testing","What is it used for?","result_boundary","thyroid testing","1349","","","","","What is it used for? A T4 test is usually used with other thyroid tests to help diagnose and monitor thyroid disease and to gather more information about other conditions that may affect your thyroid. It may be used to: Diagnose: Hypothyroidism , or underactive thyroid, which is when your thyroid gland doesn't make enough thyroid hormone to meet your body's needs. Hyperthyroidism , or overactive thyroid, which is when your thyroid gland makes more thyroid hormone than your body needs. Help learn",""
"kb_v1_4_4a_053","medlineplus_t4_test_v1_4","medlineplus.gov","t4_thyroid_testing","Are there any risks to the test?","result_boundary","thyroid testing","862","","","","","Are there any risks to the test? There is very little risk to having a blood test. You may have slight pain or bruising at the spot where the needle was put in, but most symptoms go away quickly. What do the results mean? If you had a free T4 test, your test results may be reported as ""free T4."" If you had a total T4 test, your results may be reported as ""free T4 index (FTI)."" FTI is the amount of free T4 in your blood based on a calculation using your total T4 test results. To fully understand ",""
"kb_v1_4_4a_054","medlineplus_t4_test_v1_4","medlineplus.gov","t4_thyroid_testing","A noncancerous (not cancer) tumor in your pituitary gland","result_boundary","thyroid testing","928","","","","","A noncancerous (not cancer) tumor in your pituitary gland Taking too much thyroid hormone medicine to treat hypothyroidism A pituitary problem (uncommon) If your T4 results are abnormal, you may need more testing to find the cause. But abnormal T4 levels don't always mean you have a medical condition that needs treatment. Many things can affect your T4 levels, including severe illness and certain medicines, such as birth control pills and steroids . Learn more about laboratory tests, reference r",""
"kb_v1_4_4a_055","niddk_thyroid_tests_v1_4","niddk.nih.gov","thyroid_tests_tsh_t4_t3","T 4 tests","screening_context","thyroid testing","829","","","","","T 4 tests A high blood level of T 4 may mean you have hyperthyroidism. A low level of T 4 may mean you have hypothyroidism. In some cases, high or low T 4 levels may not mean you have thyroid problems. If you are pregnant or are taking oral contraceptives , your thyroid hormone levels will be higher. Severe illness or using corticosteroids —medicines to treat asthma, arthritis, skin conditions, and other health problems—can lower T 4 levels. These conditions and medicines change the amount of pr",""
