query_id,query,expected_topic,acceptable_topics,top_1_topics,top_3_topics,top_5_topics,top_10_topics,top_20_topics,oracle_hit_1,oracle_hit_3,oracle_hit_5,oracle_hit_10,oracle_hit_20,failure_bucket,notes
b4a_vi_001,mình muốn kiểm tra sức khỏe tổng quát thì nên xét nghiệm những gì,general_lab_tests_blood_tests,general_lab_tests_blood_tests;general_lab_tests_routine_blood_testing,test_meaning,test_meaning;test_result_explainer;result_interpretation,test_meaning;test_result_explainer;result_interpretation;test_use,test_meaning;test_result_explainer;result_interpretation;test_use;general_info;preparation,test_meaning;test_result_explainer;result_interpretation;test_use;general_info;preparation;results;red_flag_general;urgent_advice,False,False,False,False,False,candidate_missing_top20,"Expected topic is absent from semantic top20; candidate generation, query embedding, or alias coverage is the likely bottleneck."
b4a_vi_002,"dạo này em hay mệt, muốn làm vài xét nghiệm cơ bản xem có vấn đề gì không",general_lab_tests_blood_tests,general_lab_tests_blood_tests;general_lab_tests_routine_blood_testing;cbc_anemia_infection_basics;glucose_hba1c_diabetes_screening;tsh_thyroid_screening,result_interpretation,result_interpretation;red_flag_general;test_result_explainer,result_interpretation;red_flag_general;test_result_explainer;test_meaning,result_interpretation;red_flag_general;test_result_explainer;test_meaning;urgent_advice;results;general_info;emergency_warning,result_interpretation;red_flag_general;test_result_explainer;test_meaning;urgent_advice;results;general_info;emergency_warning;red_flag_signs;test_use;preparation,False,False,False,False,False,candidate_missing_top20,"Expected topic is absent from semantic top20; candidate generation, query embedding, or alias coverage is the likely bottleneck."
b4a_vi_003,"nam 35 tuổi, làm văn phòng, muốn kiểm tra tổng quát tại nhà thì nên bắt đầu từ đâu",general_lab_tests_blood_tests,general_lab_tests_blood_tests;general_lab_tests_routine_blood_testing,red_flag_general,red_flag_general;test_result_explainer;result_interpretation,red_flag_general;test_result_explainer;result_interpretation;preparation,red_flag_general;test_result_explainer;result_interpretation;preparation;urgent_advice;test_meaning;test_use;general_info,red_flag_general;test_result_explainer;result_interpretation;preparation;urgent_advice;test_meaning;test_use;general_info;results,False,False,False,False,False,candidate_missing_top20,"Expected topic is absent from semantic top20; candidate generation, query embedding, or alias coverage is the likely bottleneck."
b4a_vi_004,"công ty bắt khám sức khỏe, mình nên chọn mấy xét nghiệm máu cơ bản nào cho đỡ thiếu",general_lab_tests_blood_tests,general_lab_tests_blood_tests;general_lab_tests_routine_blood_testing,test_result_explainer,test_result_explainer;test_meaning;result_interpretation,test_result_explainer;test_meaning;result_interpretation;preparation;general_info,test_result_explainer;test_meaning;result_interpretation;preparation;general_info;test_use;urgent_advice;results,test_result_explainer;test_meaning;result_interpretation;preparation;general_info;test_use;urgent_advice;results;red_flag_general;red_flag_signs,False,False,False,False,False,candidate_missing_top20,"Expected topic is absent from semantic top20; candidate generation, query embedding, or alias coverage is the likely bottleneck. Query contains Vietnamese alias tied to expected topic."
b4a_vi_005,"mình không có triệu chứng gì rõ, chỉ muốn kiểm tra định kỳ mỗi năm thì nên xem những chỉ số nào",general_lab_tests_blood_tests,general_lab_tests_blood_tests;general_lab_tests_routine_blood_testing,result_interpretation,result_interpretation;test_meaning,result_interpretation;test_meaning;urgent_advice;test_result_explainer,result_interpretation;test_meaning;urgent_advice;test_result_explainer;red_flag_general;test_use,result_interpretation;test_meaning;urgent_advice;test_result_explainer;red_flag_general;test_use;general_info;safety_boundary;results;red_flag_signs,False,False,False,False,False,candidate_missing_top20,"Expected topic is absent from semantic top20; candidate generation, query embedding, or alias coverage is the likely bottleneck."
b4a_vi_006,"tôi muốn xét nghiệm tổng quát nhưng hơi sợ kim, có cách nào chuẩn bị trước không",general_lab_tests_blood_tests,general_lab_tests_blood_tests;general_lab_tests_routine_blood_testing;lab_preparation_fasting,preparation,preparation;test_use;result_interpretation,preparation;test_use;result_interpretation;urgent_advice;results,preparation;test_use;result_interpretation;urgent_advice;results;general_info;test_result_explainer;test_meaning;red_flag_general,preparation;test_use;result_interpretation;urgent_advice;results;general_info;test_result_explainer;test_meaning;red_flag_general;red_flag_signs;emergency_warning;kidney_function_creatinine_egfr,True,True,True,True,True,candidate_present_top3,Expected topic already appears in semantic top3.
b4a_vi_007,"em hay chóng mặt với mệt, có nên kiểm tra thiếu máu không",cbc_anemia_infection_basics,cbc_anemia_infection_basics,red_flag_general,red_flag_general;result_interpretation;urgent_advice,red_flag_general;result_interpretation;urgent_advice;emergency_warning,red_flag_general;result_interpretation;urgent_advice;emergency_warning;test_result_explainer,red_flag_general;result_interpretation;urgent_advice;emergency_warning;test_result_explainer;test_meaning;red_flag_signs;results,False,False,False,False,False,candidate_missing_top20,"Expected topic is absent from semantic top20; candidate generation, query embedding, or alias coverage is the likely bottleneck. Query contains Vietnamese alias tied to expected topic."
b4a_vi_008,"CBC là xét nghiệm gì, có biết được thiếu máu không",cbc_anemia_infection_basics,cbc_anemia_infection_basics,result_interpretation,result_interpretation;test_meaning;test_result_explainer,result_interpretation;test_meaning;test_result_explainer;general_info,result_interpretation;test_meaning;test_result_explainer;general_info;test_use;results,result_interpretation;test_meaning;test_result_explainer;general_info;test_use;results;cbc_anemia_infection_basics;preparation;red_flag_general,False,False,False,False,True,candidate_present_but_rerank_failed,Expected topic appears in semantic top20 but not top3; reranking/candidate ordering is the likely bottleneck.
b4a_vi_009,"người nhà tôi sốt mấy hôm, muốn xem có nhiễm trùng không thì công thức máu có giúp gì không",cbc_anemia_infection_basics,cbc_anemia_infection_basics;inflammation_infection_context;infection_testing_blood_culture,test_result_explainer,test_result_explainer;test_meaning;red_flag_general,test_result_explainer;test_meaning;red_flag_general;results,test_result_explainer;test_meaning;red_flag_general;results;result_interpretation,test_result_explainer;test_meaning;red_flag_general;results;result_interpretation;urgent_advice;red_flag_signs;general_info;emergency_warning;preparation,False,False,False,False,False,candidate_missing_top20,"Expected topic is absent from semantic top20; candidate generation, query embedding, or alias coverage is the likely bottleneck. Query contains Vietnamese alias tied to expected topic."
b4a_vi_010,"em bị mệt lâu ngày, da hơi xanh, muốn kiểm tra máu thì nên bắt đầu bằng CBC không",cbc_anemia_infection_basics,cbc_anemia_infection_basics,result_interpretation,result_interpretation;test_meaning;red_flag_general,result_interpretation;test_meaning;red_flag_general;urgent_advice,result_interpretation;test_meaning;red_flag_general;urgent_advice;test_use;test_result_explainer;preparation;cbc_anemia_infection_basics,result_interpretation;test_meaning;red_flag_general;urgent_advice;test_use;test_result_explainer;preparation;cbc_anemia_infection_basics;results;emergency_warning;general_info;red_flag_signs,False,False,False,True,True,candidate_present_but_rerank_failed,Expected topic appears in semantic top20 but not top3; reranking/candidate ordering is the likely bottleneck.
b4a_vi_011,bạch cầu cao trong công thức máu có phải chắc chắn là nhiễm trùng không,cbc_anemia_infection_basics,cbc_anemia_infection_basics;inflammation_infection_context;infection_testing_blood_culture;medical_result_explanation_boundary,test_meaning,test_meaning;emergency_warning,test_meaning;emergency_warning;red_flag_general;result_interpretation,test_meaning;emergency_warning;red_flag_general;result_interpretation;test_result_explainer;results;red_flag_signs,test_meaning;emergency_warning;red_flag_general;result_interpretation;test_result_explainer;results;red_flag_signs;test_use;general_info,False,False,False,False,False,candidate_missing_top20,"Expected topic is absent from semantic top20; candidate generation, query embedding, or alias coverage is the likely bottleneck. Query contains Vietnamese alias tied to expected topic."
b4a_vi_012,"mẹ tôi hay mệt và ăn kém, tôi muốn hỏi xét nghiệm máu nào xem thiếu máu hay viêm",cbc_anemia_infection_basics,cbc_anemia_infection_basics;inflammation_infection_context;infection_testing_blood_culture,test_result_explainer,test_result_explainer;result_interpretation;test_meaning,test_result_explainer;result_interpretation;test_meaning,test_result_explainer;result_interpretation;test_meaning;results;test_use;general_info;red_flag_general;preparation,test_result_explainer;result_interpretation;test_meaning;results;test_use;general_info;red_flag_general;preparation;urgent_advice,False,False,False,False,False,candidate_missing_top20,"Expected topic is absent from semantic top20; candidate generation, query embedding, or alias coverage is the likely bottleneck. Query contains Vietnamese alias tied to expected topic."
b4a_vi_013,"bố tôi hay khát nước với mệt, muốn kiểm tra tiểu đường thì xét nghiệm gì",glucose_fasting_blood_glucose_diabetes_screening,glucose_fasting_blood_glucose_diabetes_screening;hba1c_diabetes_monitoring_screening;glucose_hba1c_diabetes_screening,test_result_explainer,test_result_explainer;result_interpretation;test_use,test_result_explainer;result_interpretation;test_use;test_meaning,test_result_explainer;result_interpretation;test_use;test_meaning;general_info;results;preparation;red_flag_general;urgent_advice,test_result_explainer;result_interpretation;test_use;test_meaning;general_info;results;preparation;red_flag_general;urgent_advice;glucose_fasting_blood_glucose_diabetes_screening,False,False,False,False,True,candidate_present_but_rerank_failed,Expected topic appears in semantic top20 but not top3; reranking/candidate ordering is the likely bottleneck.
b4a_vi_014,"HbA1c khác gì đường huyết lúc đói vậy, tôi đọc kết quả hơi rối",glucose_fasting_blood_glucose_diabetes_screening,glucose_fasting_blood_glucose_diabetes_screening;hba1c_diabetes_monitoring_screening;glucose_hba1c_diabetes_screening;lab_preparation_fasting,results,results;test_meaning;test_result_explainer,results;test_meaning;test_result_explainer;result_interpretation;hba1c_diabetes_monitoring_screening,results;test_meaning;test_result_explainer;result_interpretation;hba1c_diabetes_monitoring_screening;glucose_hba1c_diabetes_screening;test_use,results;test_meaning;test_result_explainer;result_interpretation;hba1c_diabetes_monitoring_screening;glucose_hba1c_diabetes_screening;test_use;urgent_advice;preparation;general_info;red_flag_signs;emergency_warning,False,False,True,True,True,candidate_present_but_rerank_failed,Expected topic appears in semantic top20 but not top3; reranking/candidate ordering is the likely bottleneck.
b4a_vi_015,"tôi muốn kiểm tra đường máu định kỳ, có cần nhịn ăn không",glucose_fasting_blood_glucose_diabetes_screening,glucose_fasting_blood_glucose_diabetes_screening;hba1c_diabetes_monitoring_screening;glucose_hba1c_diabetes_screening;lab_preparation_fasting,preparation,preparation;test_use;test_result_explainer,preparation;test_use;test_result_explainer;general_info;result_interpretation,preparation;test_use;test_result_explainer;general_info;result_interpretation;test_meaning;results;red_flag_general,preparation;test_use;test_result_explainer;general_info;result_interpretation;test_meaning;results;red_flag_general;urgent_advice;lab_preparation_fasting;cbc_anemia_infection_basics,True,True,True,True,True,candidate_present_top3,Expected topic already appears in semantic top3.
b4a_vi_016,"em ăn ngọt nhiều nên hơi lo, muốn xét nghiệm tiểu đường thì làm đường huyết hay HbA1c",glucose_fasting_blood_glucose_diabetes_screening,glucose_fasting_blood_glucose_diabetes_screening;hba1c_diabetes_monitoring_screening;glucose_hba1c_diabetes_screening,test_meaning,test_meaning;test_result_explainer;preparation,test_meaning;test_result_explainer;preparation;hba1c_diabetes_monitoring_screening;results,test_meaning;test_result_explainer;preparation;hba1c_diabetes_monitoring_screening;results;general_info;result_interpretation;glucose_hba1c_diabetes_screening,test_meaning;test_result_explainer;preparation;hba1c_diabetes_monitoring_screening;results;general_info;result_interpretation;glucose_hba1c_diabetes_screening;urgent_advice;test_use;glucose_fasting_blood_glucose_diabetes_screening;red_flag_general,False,False,True,True,True,candidate_present_but_rerank_failed,Expected topic appears in semantic top20 but not top3; reranking/candidate ordering is the likely bottleneck.
b4a_vi_017,"ba tôi tiểu nhiều ban đêm, khát nước, có cần kiểm tra đường máu không",glucose_fasting_blood_glucose_diabetes_screening,glucose_fasting_blood_glucose_diabetes_screening;hba1c_diabetes_monitoring_screening;glucose_hba1c_diabetes_screening,result_interpretation,result_interpretation;test_result_explainer;test_use,result_interpretation;test_result_explainer;test_use;test_meaning;results,result_interpretation;test_result_explainer;test_use;test_meaning;results;preparation;general_info,result_interpretation;test_result_explainer;test_use;test_meaning;results;preparation;general_info;red_flag_general;urgent_advice;red_flag_signs;emergency_warning,False,False,False,False,False,candidate_missing_top20,"Expected topic is absent from semantic top20; candidate generation, query embedding, or alias coverage is the likely bottleneck. Query contains Vietnamese alias tied to expected topic."
b4a_vi_018,"đường huyết của tôi hơi cao, giờ làm thêm HbA1c có ý nghĩa gì không",glucose_fasting_blood_glucose_diabetes_screening,glucose_fasting_blood_glucose_diabetes_screening;hba1c_diabetes_monitoring_screening;glucose_hba1c_diabetes_screening,test_result_explainer,test_result_explainer;test_meaning;results,test_result_explainer;test_meaning;results;hba1c_diabetes_monitoring_screening,test_result_explainer;test_meaning;results;hba1c_diabetes_monitoring_screening;glucose_hba1c_diabetes_screening;urgent_advice;red_flag_signs;red_flag_general,test_result_explainer;test_meaning;results;hba1c_diabetes_monitoring_screening;glucose_hba1c_diabetes_screening;urgent_advice;red_flag_signs;red_flag_general;emergency_warning;result_interpretation,False,False,True,True,True,candidate_present_but_rerank_failed,Expected topic appears in semantic top20 but not top3; reranking/candidate ordering is the likely bottleneck.
b4a_vi_019,"mẹ tôi bị mỡ máu, muốn theo dõi lại thì nên xét nghiệm gì",lipid_panel_cholesterol,lipid_panel_cholesterol;lipid_panel_triglycerides,test_meaning,test_meaning;results;test_use,test_meaning;results;test_use;test_result_explainer;result_interpretation,test_meaning;results;test_use;test_result_explainer;result_interpretation;general_info;preparation,test_meaning;results;test_use;test_result_explainer;result_interpretation;general_info;preparation;red_flag_general;urgent_advice,False,False,False,False,False,candidate_missing_top20,"Expected topic is absent from semantic top20; candidate generation, query embedding, or alias coverage is the likely bottleneck. Query contains Vietnamese alias tied to expected topic."
b4a_vi_020,"xét nghiệm cholesterol gồm những chỉ số nào, có phải chỉ xem cholesterol toàn phần không",lipid_panel_cholesterol,lipid_panel_cholesterol;lipid_panel_triglycerides,test_meaning,test_meaning;test_result_explainer,test_meaning;test_result_explainer;lipid_panel_cholesterol,test_meaning;test_result_explainer;lipid_panel_cholesterol;test_use;result_interpretation,test_meaning;test_result_explainer;lipid_panel_cholesterol;test_use;result_interpretation;general_info;general_lab_tests_blood_tests;results;red_flag_general;cmp_liver_kidney_glucose_context,False,False,True,True,True,candidate_present_but_rerank_failed,Expected topic appears in semantic top20 but not top3; reranking/candidate ordering is the likely bottleneck.
b4a_vi_021,người hơi thừa cân muốn kiểm tra mỡ máu với đường huyết thì nên làm nhóm nào,lipid_panel_cholesterol,lipid_panel_cholesterol;lipid_panel_triglycerides;glucose_fasting_blood_glucose_diabetes_screening;hba1c_diabetes_monitoring_screening,test_meaning,test_meaning;test_result_explainer;preparation,test_meaning;test_result_explainer;preparation;result_interpretation,test_meaning;test_result_explainer;preparation;result_interpretation;test_use;results;general_info;emergency_warning,test_meaning;test_result_explainer;preparation;result_interpretation;test_use;results;general_info;emergency_warning;urgent_advice;red_flag_general;red_flag_signs,False,False,False,False,False,candidate_missing_top20,"Expected topic is absent from semantic top20; candidate generation, query embedding, or alias coverage is the likely bottleneck. Query contains Vietnamese alias tied to expected topic."
b4a_vi_022,"tôi đi khám thấy triglyceride cao, có phải cần xét nghiệm lại mỡ máu không",lipid_panel_cholesterol,lipid_panel_cholesterol;lipid_panel_triglycerides,test_meaning,test_meaning;test_result_explainer;results,test_meaning;test_result_explainer;results;general_info;result_interpretation,test_meaning;test_result_explainer;results;general_info;result_interpretation;preparation;urgent_advice;test_use,test_meaning;test_result_explainer;results;general_info;result_interpretation;preparation;urgent_advice;test_use;red_flag_general;lipid_panel_triglycerides,False,False,False,False,True,candidate_present_but_rerank_failed,Expected topic appears in semantic top20 but not top3; reranking/candidate ordering is the likely bottleneck.
b4a_vi_023,"mình nghe nói xét nghiệm mỡ máu phải nhịn ăn, vậy lipid có cần nhịn không",lipid_panel_cholesterol,lipid_panel_cholesterol;lipid_panel_triglycerides;lab_preparation_fasting,preparation,preparation;test_use;test_meaning,preparation;test_use;test_meaning;test_result_explainer;general_info,preparation;test_use;test_meaning;test_result_explainer;general_info;results;result_interpretation;red_flag_general;urgent_advice,preparation;test_use;test_meaning;test_result_explainer;general_info;results;result_interpretation;red_flag_general;urgent_advice;lipid_panel_cholesterol;emergency_warning;red_flag_signs,True,True,True,True,True,candidate_present_top3,Expected topic already appears in semantic top3.
b4a_vi_024,"bố tôi có tiền sử tim mạch, tôi muốn kiểm tra mỡ máu định kỳ cho ông thì hỏi gói nào",lipid_panel_cholesterol,lipid_panel_cholesterol;lipid_panel_triglycerides,test_use,test_use;test_result_explainer;result_interpretation,test_use;test_result_explainer;result_interpretation;test_meaning;results,test_use;test_result_explainer;result_interpretation;test_meaning;results;general_info;red_flag_general;urgent_advice,test_use;test_result_explainer;result_interpretation;test_meaning;results;general_info;red_flag_general;urgent_advice;preparation,False,False,False,False,False,candidate_missing_top20,"Expected topic is absent from semantic top20; candidate generation, query embedding, or alias coverage is the likely bottleneck. Query contains Vietnamese alias tied to expected topic."
b4a_vi_025,tôi muốn kiểm tra gan vì trước đây men gan hơi cao,liver_function_alt_ast_bilirubin,liver_function_alt_ast_bilirubin;cmp_liver_kidney_glucose_context;medical_result_explanation_boundary,urgent_advice,urgent_advice;result_interpretation;test_result_explainer,urgent_advice;result_interpretation;test_result_explainer;results;preparation,urgent_advice;result_interpretation;test_result_explainer;results;preparation;red_flag_general;test_use;emergency_warning,urgent_advice;result_interpretation;test_result_explainer;results;preparation;red_flag_general;test_use;emergency_warning;safety_boundary;red_flag_signs;general_info;test_meaning,False,False,False,False,False,candidate_missing_top20,"Expected topic is absent from semantic top20; candidate generation, query embedding, or alias coverage is the likely bottleneck. Query contains Vietnamese alias tied to expected topic."
b4a_vi_026,"ALT AST là gì, có phải cứ cao là bị bệnh gan không",liver_function_alt_ast_bilirubin,liver_function_alt_ast_bilirubin;cmp_liver_kidney_glucose_context;medical_result_explanation_boundary,urgent_advice,urgent_advice;emergency_warning;red_flag_signs,urgent_advice;emergency_warning;red_flag_signs;test_result_explainer,urgent_advice;emergency_warning;red_flag_signs;test_result_explainer;red_flag_general;safety_boundary;test_use,urgent_advice;emergency_warning;red_flag_signs;test_result_explainer;red_flag_general;safety_boundary;test_use;result_interpretation;test_meaning;results,False,False,False,False,False,candidate_missing_top20,"Expected topic is absent from semantic top20; candidate generation, query embedding, or alias coverage is the likely bottleneck. Query contains Vietnamese alias tied to expected topic."
b4a_vi_027,uống rượu bia nhiều muốn kiểm tra gan thì nên xét nghiệm gì,liver_function_alt_ast_bilirubin,liver_function_alt_ast_bilirubin;cmp_liver_kidney_glucose_context,test_result_explainer,test_result_explainer;preparation;test_use,test_result_explainer;preparation;test_use;test_meaning;general_info,test_result_explainer;preparation;test_use;test_meaning;general_info;results;urgent_advice;result_interpretation,test_result_explainer;preparation;test_use;test_meaning;general_info;results;urgent_advice;result_interpretation;red_flag_general,False,False,False,False,False,candidate_missing_top20,"Expected topic is absent from semantic top20; candidate generation, query embedding, or alias coverage is the likely bottleneck. Query contains Vietnamese alias tied to expected topic."
b4a_vi_028,men gan cao nhẹ thì có cần làm lại xét nghiệm không hay theo dõi thôi,liver_function_alt_ast_bilirubin,liver_function_alt_ast_bilirubin;cmp_liver_kidney_glucose_context;medical_result_explanation_boundary,test_result_explainer,test_result_explainer;result_interpretation;results,test_result_explainer;result_interpretation;results;test_use,test_result_explainer;result_interpretation;results;test_use;preparation;general_info;urgent_advice;red_flag_general,test_result_explainer;result_interpretation;results;test_use;preparation;general_info;urgent_advice;red_flag_general;red_flag_signs;emergency_warning;test_meaning,False,False,False,False,False,candidate_missing_top20,"Expected topic is absent from semantic top20; candidate generation, query embedding, or alias coverage is the likely bottleneck. Query contains Vietnamese alias tied to expected topic."
b4a_vi_029,"mình muốn kiểm tra gan thận chung một lần, không biết có xét nghiệm máu nào phù hợp không",liver_function_alt_ast_bilirubin,liver_function_alt_ast_bilirubin;cmp_liver_kidney_glucose_context;kidney_function_creatinine_egfr;kidney_function_egfr,test_result_explainer,test_result_explainer;test_use;results,test_result_explainer;test_use;results;test_meaning;general_info,test_result_explainer;test_use;results;test_meaning;general_info;result_interpretation;preparation,test_result_explainer;test_use;results;test_meaning;general_info;result_interpretation;preparation;urgent_advice;general_lab_tests_blood_tests;red_flag_general;general_lab_tests_routine_blood_testing,False,False,False,False,False,candidate_missing_top20,"Expected topic is absent from semantic top20; candidate generation, query embedding, or alias coverage is the likely bottleneck. Query contains Vietnamese alias tied to expected topic."
b4a_vi_030,vàng da nhẹ với mệt thì tôi nên xét nghiệm gan hay đi khám trước,liver_function_alt_ast_bilirubin,liver_function_alt_ast_bilirubin;cmp_liver_kidney_glucose_context,red_flag_general,red_flag_general;urgent_advice;result_interpretation,red_flag_general;urgent_advice;result_interpretation;preparation,red_flag_general;urgent_advice;result_interpretation;preparation;red_flag_signs;test_use,red_flag_general;urgent_advice;result_interpretation;preparation;red_flag_signs;test_use;results;test_result_explainer;emergency_warning,False,False,False,False,False,candidate_missing_top20,"Expected topic is absent from semantic top20; candidate generation, query embedding, or alias coverage is the likely bottleneck. Query contains Vietnamese alias tied to expected topic."
b4a_vi_031,tôi muốn kiểm tra chức năng thận thì cần xét nghiệm nào,kidney_function_creatinine_egfr,kidney_function_creatinine_egfr;kidney_function_egfr;urine_albumin_kidney_monitoring;urine_albumin_ckd_screening_context,test_use,test_use;test_meaning,test_use;test_meaning;result_interpretation;test_result_explainer,test_use;test_meaning;result_interpretation;test_result_explainer;general_info;preparation;urgent_advice,test_use;test_meaning;result_interpretation;test_result_explainer;general_info;preparation;urgent_advice;red_flag_general;results,False,False,False,False,False,candidate_missing_top20,"Expected topic is absent from semantic top20; candidate generation, query embedding, or alias coverage is the likely bottleneck. Query contains Vietnamese alias tied to expected topic."
b4a_vi_032,"creatinine với eGFR khác nhau như thế nào, tôi đọc kết quả không hiểu",kidney_function_creatinine_egfr,kidney_function_creatinine_egfr;kidney_function_egfr;urine_albumin_kidney_monitoring;urine_albumin_ckd_screening_context,kidney_function_egfr,kidney_function_egfr;kidney_function_creatinine_egfr,kidney_function_egfr;kidney_function_creatinine_egfr,kidney_function_egfr;kidney_function_creatinine_egfr;test_result_explainer;test_use;result_interpretation;red_flag_general,kidney_function_egfr;kidney_function_creatinine_egfr;test_result_explainer;test_use;result_interpretation;red_flag_general;urine_albumin_kidney_monitoring;test_meaning;urgent_advice;results,True,True,True,True,True,candidate_present_top3,Expected topic already appears in semantic top3.
b4a_vi_033,đi tiểu nhiều với hơi mệt thì có nên kiểm tra thận không,kidney_function_creatinine_egfr,kidney_function_creatinine_egfr;kidney_function_egfr;urine_albumin_kidney_monitoring;urine_albumin_ckd_screening_context,test_use,test_use;red_flag_general;urgent_advice,test_use;red_flag_general;urgent_advice,test_use;red_flag_general;urgent_advice;result_interpretation;test_meaning,test_use;red_flag_general;urgent_advice;result_interpretation;test_meaning;red_flag_signs;test_result_explainer;safety_boundary;emergency_warning;results,False,False,False,False,False,candidate_missing_top20,"Expected topic is absent from semantic top20; candidate generation, query embedding, or alias coverage is the likely bottleneck. Query contains Vietnamese alias tied to expected topic."
b4a_vi_034,"xét nghiệm nước tiểu kiểm tra được những gì, có liên quan tới thận không",kidney_function_creatinine_egfr,kidney_function_creatinine_egfr;kidney_function_egfr;urine_albumin_kidney_monitoring;urine_albumin_ckd_screening_context;glucose_hba1c_diabetes_screening,test_meaning,test_meaning;test_use,test_meaning;test_use;test_result_explainer,test_meaning;test_use;test_result_explainer;result_interpretation;general_info;results,test_meaning;test_use;test_result_explainer;result_interpretation;general_info;results;red_flag_general;preparation;urgent_advice;kidney_function_creatinine_egfr,False,False,False,False,True,candidate_present_but_rerank_failed,Expected topic appears in semantic top20 but not top3; reranking/candidate ordering is the likely bottleneck.
b4a_vi_035,"mẹ tôi bị tiểu đường lâu năm, muốn kiểm tra thận định kỳ thì cần thêm nước tiểu không",kidney_function_creatinine_egfr,kidney_function_creatinine_egfr;kidney_function_egfr;urine_albumin_kidney_monitoring;urine_albumin_ckd_screening_context;glucose_hba1c_diabetes_screening,test_meaning,test_meaning;result_interpretation;test_result_explainer,test_meaning;result_interpretation;test_result_explainer;test_use,test_meaning;result_interpretation;test_result_explainer;test_use;general_info;urgent_advice;results;red_flag_general,test_meaning;result_interpretation;test_result_explainer;test_use;general_info;urgent_advice;results;red_flag_general;preparation;hba1c_diabetes_monitoring_screening;emergency_warning,False,False,False,False,False,candidate_missing_top20,"Expected topic is absent from semantic top20; candidate generation, query embedding, or alias coverage is the likely bottleneck. Query contains Vietnamese alias tied to expected topic."
b4a_vi_036,nước tiểu có protein thì chắc là suy thận không bạn,kidney_function_creatinine_egfr,kidney_function_creatinine_egfr;kidney_function_egfr;urine_albumin_kidney_monitoring;urine_albumin_ckd_screening_context,test_use,test_use;test_meaning,test_use;test_meaning;red_flag_general,test_use;test_meaning;red_flag_general;emergency_warning;urgent_advice;kidney_function_egfr;result_interpretation,test_use;test_meaning;red_flag_general;emergency_warning;urgent_advice;kidney_function_egfr;result_interpretation;test_result_explainer;results,False,False,False,True,True,candidate_present_but_rerank_failed,Expected topic appears in semantic top20 but not top3; reranking/candidate ordering is the likely bottleneck.
b4a_vi_037,"em hay mệt, lạnh người, tăng cân, có cần kiểm tra tuyến giáp không",tsh_thyroid_screening,tsh_thyroid_screening;t4_thyroid_testing;thyroid_tests_tsh_t4_t3,test_meaning,test_meaning;result_interpretation;test_result_explainer,test_meaning;result_interpretation;test_result_explainer;urgent_advice;red_flag_general,test_meaning;result_interpretation;test_result_explainer;urgent_advice;red_flag_general;test_use;red_flag_signs;emergency_warning,test_meaning;result_interpretation;test_result_explainer;urgent_advice;red_flag_general;test_use;red_flag_signs;emergency_warning,False,False,False,False,False,candidate_missing_top20,"Expected topic is absent from semantic top20; candidate generation, query embedding, or alias coverage is the likely bottleneck. Query contains Vietnamese alias tied to expected topic."
b4a_vi_038,"TSH là xét nghiệm gì, có phải xét nghiệm máu không",tsh_thyroid_screening,tsh_thyroid_screening;t4_thyroid_testing;thyroid_tests_tsh_t4_t3,test_result_explainer,test_result_explainer;general_info;test_meaning,test_result_explainer;general_info;test_meaning;results,test_result_explainer;general_info;test_meaning;results;result_interpretation;preparation,test_result_explainer;general_info;test_meaning;results;result_interpretation;preparation;test_use;tsh_thyroid_screening;general_lab_tests_blood_tests;red_flag_general;urgent_advice,False,False,False,False,True,candidate_present_but_rerank_failed,Expected topic appears in semantic top20 but not top3; reranking/candidate ordering is the likely bottleneck.
b4a_vi_039,phụ nữ sau sinh hay mệt thì có nên kiểm tra tuyến giáp không,tsh_thyroid_screening,tsh_thyroid_screening;t4_thyroid_testing;thyroid_tests_tsh_t4_t3,test_result_explainer,test_result_explainer;test_meaning;urgent_advice,test_result_explainer;test_meaning;urgent_advice;result_interpretation;red_flag_general,test_result_explainer;test_meaning;urgent_advice;result_interpretation;red_flag_general;results;test_use,test_result_explainer;test_meaning;urgent_advice;result_interpretation;red_flag_general;results;test_use;red_flag_signs;emergency_warning;general_info;preparation,False,False,False,False,False,candidate_missing_top20,"Expected topic is absent from semantic top20; candidate generation, query embedding, or alias coverage is the likely bottleneck. Query contains Vietnamese alias tied to expected topic."
b4a_vi_040,"tôi rụng tóc, mệt và tim đập nhanh, xét nghiệm tuyến giáp có phù hợp không",tsh_thyroid_screening,tsh_thyroid_screening;t4_thyroid_testing;thyroid_tests_tsh_t4_t3,test_result_explainer,test_result_explainer;result_interpretation;test_meaning,test_result_explainer;result_interpretation;test_meaning;urgent_advice,test_result_explainer;result_interpretation;test_meaning;urgent_advice;red_flag_general;emergency_warning;results,test_result_explainer;result_interpretation;test_meaning;urgent_advice;red_flag_general;emergency_warning;results;red_flag_signs;general_info;test_use;preparation,False,False,False,False,False,candidate_missing_top20,"Expected topic is absent from semantic top20; candidate generation, query embedding, or alias coverage is the likely bottleneck. Query contains Vietnamese alias tied to expected topic."
b4a_vi_041,TSH thấp thì có chắc là cường giáp không hay cần xét nghiệm thêm,tsh_thyroid_screening,tsh_thyroid_screening;t4_thyroid_testing;thyroid_tests_tsh_t4_t3;medical_result_explanation_boundary,test_result_explainer,test_result_explainer;result_interpretation;test_meaning,test_result_explainer;result_interpretation;test_meaning;general_info;results,test_result_explainer;result_interpretation;test_meaning;general_info;results;urgent_advice;red_flag_general;preparation,test_result_explainer;result_interpretation;test_meaning;general_info;results;urgent_advice;red_flag_general;preparation;test_use;red_flag_signs;tsh_thyroid_screening;thyroid_tests_tsh_t4_t3,False,False,False,False,True,candidate_present_but_rerank_failed,Expected topic appears in semantic top20 but not top3; reranking/candidate ordering is the likely bottleneck.
b4a_vi_042,"mệt kéo dài nhưng không biết nên xét nghiệm máu, tuyến giáp hay đường huyết trước",general_lab_tests_blood_tests,general_lab_tests_blood_tests;cbc_anemia_infection_basics;glucose_hba1c_diabetes_screening;tsh_thyroid_screening,test_result_explainer,test_result_explainer;preparation;red_flag_general,test_result_explainer;preparation;red_flag_general;test_meaning,test_result_explainer;preparation;red_flag_general;test_meaning;urgent_advice;result_interpretation;results,test_result_explainer;preparation;red_flag_general;test_meaning;urgent_advice;result_interpretation;results;test_use;red_flag_signs;emergency_warning;general_info,False,False,False,False,False,candidate_missing_top20,"Expected topic is absent from semantic top20; candidate generation, query embedding, or alias coverage is the likely bottleneck. Query contains Vietnamese alias tied to expected topic."
b4a_vi_043,tôi muốn xét nghiệm vài thứ cho yên tâm nhưng chưa biết nên làm gì,general_lab_tests_blood_tests,general_lab_tests_blood_tests;general_lab_tests_routine_blood_testing,test_result_explainer,test_result_explainer;preparation;general_info,test_result_explainer;preparation;general_info;result_interpretation,test_result_explainer;preparation;general_info;result_interpretation;test_use;test_meaning;red_flag_general;results;urgent_advice,test_result_explainer;preparation;general_info;result_interpretation;test_use;test_meaning;red_flag_general;results;urgent_advice;red_flag_signs,False,False,False,False,False,candidate_missing_top20,"Expected topic is absent from semantic top20; candidate generation, query embedding, or alias coverage is the likely bottleneck."
b4a_vi_044,"ba tôi lớn tuổi, muốn kiểm tra tổng quát, bạn gợi ý giúp nhưng tôi chưa rõ ông có triệu chứng gì",general_lab_tests_blood_tests,general_lab_tests_blood_tests;general_lab_tests_routine_blood_testing,red_flag_general,red_flag_general;result_interpretation,red_flag_general;result_interpretation;test_result_explainer;red_flag_signs,red_flag_general;result_interpretation;test_result_explainer;red_flag_signs;urgent_advice;test_meaning,red_flag_general;result_interpretation;test_result_explainer;red_flag_signs;urgent_advice;test_meaning;emergency_warning;results;test_use,False,False,False,False,False,candidate_missing_top20,"Expected topic is absent from semantic top20; candidate generation, query embedding, or alias coverage is the likely bottleneck."
b4a_vi_045,"nữ 28 tuổi muốn kiểm tra sức khỏe trước khi đi làm xa, cần xét nghiệm gì nhỉ",general_lab_tests_blood_tests,general_lab_tests_blood_tests;general_lab_tests_routine_blood_testing,preparation,preparation;test_result_explainer;result_interpretation,preparation;test_result_explainer;result_interpretation;red_flag_general;test_use,preparation;test_result_explainer;result_interpretation;red_flag_general;test_use;general_info;test_meaning;results,preparation;test_result_explainer;result_interpretation;red_flag_general;test_use;general_info;test_meaning;results;red_flag_signs;urgent_advice,False,False,False,False,False,candidate_missing_top20,"Expected topic is absent from semantic top20; candidate generation, query embedding, or alias coverage is the likely bottleneck."
b4a_vi_046,"mình mệt lả, hơi lú lẫn và tình trạng xấu đi nhanh, có nên xét nghiệm máu trước không",emergency_warning,emergency_warning;red_flag_general;urgent_advice;infection_testing_blood_culture;inflammation_infection_context,preparation,preparation;test_result_explainer;results,preparation;test_result_explainer;results;result_interpretation;general_info,preparation;test_result_explainer;results;result_interpretation;general_info;red_flag_general;urgent_advice,preparation;test_result_explainer;results;result_interpretation;general_info;red_flag_general;urgent_advice;test_use;test_meaning;red_flag_signs;emergency_warning,False,False,False,True,True,candidate_present_but_rerank_failed,Expected topic appears in semantic top20 but not top3; reranking/candidate ordering is the likely bottleneck.
b4a_vi_047,tôi muốn làm gói xét nghiệm cho mẹ nhưng chưa biết mẹ cần kiểm tra gan thận hay tiểu đường,cmp_liver_kidney_glucose_context,cmp_liver_kidney_glucose_context;kidney_function_creatinine_egfr;glucose_hba1c_diabetes_screening,test_use,test_use;test_result_explainer;test_meaning,test_use;test_result_explainer;test_meaning;result_interpretation,test_use;test_result_explainer;test_meaning;result_interpretation;general_info;preparation;red_flag_general;results,test_use;test_result_explainer;test_meaning;result_interpretation;general_info;preparation;red_flag_general;results;urgent_advice;hba1c_diabetes_monitoring_screening,False,False,False,False,False,candidate_missing_top20,"Expected topic is absent from semantic top20; candidate generation, query embedding, or alias coverage is the likely bottleneck. Query contains Vietnamese alias tied to expected topic."
b4a_vi_048,"tôi có đau ngực khó thở với vã mồ hôi, giờ đặt lịch xét nghiệm được không",emergency_warning,emergency_warning;red_flag_general;urgent_advice,emergency_warning,emergency_warning;urgent_advice,emergency_warning;urgent_advice;results,emergency_warning;urgent_advice;results;result_interpretation;red_flag_general;test_result_explainer,emergency_warning;urgent_advice;results;result_interpretation;red_flag_general;test_result_explainer;safety_boundary;test_meaning,True,True,True,True,True,candidate_present_top3,Expected topic already appears in semantic top3.
b4a_vi_049,"bố tôi đau ngực lan ra tay trái, hơi khó thở, có nên chờ mai xét nghiệm không",emergency_warning,emergency_warning;red_flag_general;urgent_advice,urgent_advice,urgent_advice;result_interpretation,urgent_advice;result_interpretation;emergency_warning;red_flag_general,urgent_advice;result_interpretation;emergency_warning;red_flag_general;results;test_result_explainer,urgent_advice;result_interpretation;emergency_warning;red_flag_general;results;test_result_explainer;test_meaning;safety_boundary,True,True,True,True,True,candidate_present_top3,Expected topic already appears in semantic top3.
b4a_vi_050,"mẹ tôi vừa ngất xong, giờ hơi lú lẫn, tôi muốn gọi lấy máu tại nhà có được không",emergency_warning,emergency_warning;red_flag_general;urgent_advice;infection_testing_blood_culture;inflammation_infection_context,test_result_explainer,test_result_explainer;urgent_advice;result_interpretation,test_result_explainer;urgent_advice;result_interpretation;results;red_flag_general,test_result_explainer;urgent_advice;result_interpretation;results;red_flag_general;emergency_warning;general_info,test_result_explainer;urgent_advice;result_interpretation;results;red_flag_general;emergency_warning;general_info;red_flag_signs,False,True,True,True,True,candidate_present_top3,Expected topic already appears in semantic top3.
b4a_vi_051,"em khó thở nhiều, nói không ra câu, có nên làm SpO2 hay đặt xét nghiệm trước",emergency_warning,emergency_warning;red_flag_general;urgent_advice,urgent_advice,urgent_advice;red_flag_general,urgent_advice;red_flag_general;safety_boundary;emergency_warning,urgent_advice;red_flag_general;safety_boundary;emergency_warning;result_interpretation;preparation;test_meaning,urgent_advice;red_flag_general;safety_boundary;emergency_warning;result_interpretation;preparation;test_meaning;test_result_explainer;red_flag_signs;test_use;results,True,True,True,True,True,candidate_present_top3,Expected topic already appears in semantic top3.
b4a_vi_052,"người nhà sốt cao rét run, lả đi nhanh, tôi muốn xét nghiệm nhiễm trùng thì làm gì",emergency_warning,emergency_warning;red_flag_general;urgent_advice;infection_testing_blood_culture;inflammation_infection_context,test_result_explainer,test_result_explainer;red_flag_general,test_result_explainer;red_flag_general;result_interpretation;urgent_advice,test_result_explainer;red_flag_general;result_interpretation;urgent_advice;test_meaning;emergency_warning,test_result_explainer;red_flag_general;result_interpretation;urgent_advice;test_meaning;emergency_warning;results;preparation;general_info;test_use;red_flag_signs,False,True,True,True,True,candidate_present_top3,Expected topic already appears in semantic top3.
b4a_vi_053,"đau ngực với buồn nôn, vã mồ hôi, tôi chỉ muốn làm troponin tại nhà thôi được không",emergency_warning,emergency_warning;red_flag_general;urgent_advice;test_meaning,emergency_warning,emergency_warning;result_interpretation;test_meaning,emergency_warning;result_interpretation;test_meaning;safety_boundary,emergency_warning;result_interpretation;test_meaning;safety_boundary;red_flag_general;urgent_advice,emergency_warning;result_interpretation;test_meaning;safety_boundary;red_flag_general;urgent_advice;results,True,True,True,True,True,candidate_present_top3,Expected topic already appears in semantic top3.
b4a_vi_054,"tôi bị khó thở kèm môi hơi tím, nên đặt lịch xét nghiệm hay đi khám ngay",emergency_warning,emergency_warning;red_flag_general;urgent_advice,emergency_warning,emergency_warning;urgent_advice,emergency_warning;urgent_advice,emergency_warning;urgent_advice;safety_boundary;red_flag_signs;result_interpretation;red_flag_general,emergency_warning;urgent_advice;safety_boundary;red_flag_signs;result_interpretation;red_flag_general;results;test_result_explainer;test_use,True,True,True,True,True,candidate_present_top3,Expected topic already appears in semantic top3.
b4a_vi_055,tôi muốn đặt lịch xét nghiệm tổng quát sáng mai,general_lab_tests_blood_tests,general_lab_tests_blood_tests;general_lab_tests_routine_blood_testing,test_result_explainer,test_result_explainer;result_interpretation;test_meaning,test_result_explainer;result_interpretation;test_meaning;red_flag_general;test_use,test_result_explainer;result_interpretation;test_meaning;red_flag_general;test_use;preparation,test_result_explainer;result_interpretation;test_meaning;red_flag_general;test_use;preparation;results;urgent_advice;general_info;emergency_warning,False,False,False,False,False,candidate_missing_top20,"Expected topic is absent from semantic top20; candidate generation, query embedding, or alias coverage is the likely bottleneck. Query contains Vietnamese alias tied to expected topic."
b4a_vi_056,đặt lịch lấy máu tại nhà cho mẹ tôi được không,general_lab_tests_blood_tests,general_lab_tests_blood_tests;general_lab_tests_routine_blood_testing,red_flag_general,red_flag_general;test_result_explainer;results,red_flag_general;test_result_explainer;results;general_info;result_interpretation,red_flag_general;test_result_explainer;results;general_info;result_interpretation;test_use;preparation;urgent_advice,red_flag_general;test_result_explainer;results;general_info;result_interpretation;test_use;preparation;urgent_advice;emergency_warning;test_meaning;red_flag_signs,False,False,False,False,False,candidate_missing_top20,"Expected topic is absent from semantic top20; candidate generation, query embedding, or alias coverage is the likely bottleneck."
b4a_vi_057,"mai 8 giờ có lấy mẫu tại nhà được không, nhà tôi ở quận 7",schedule_home_sample_time_location,schedule_home_sample_time_location,urgent_advice,urgent_advice;result_interpretation;emergency_warning,urgent_advice;result_interpretation;emergency_warning;red_flag_general;test_result_explainer,urgent_advice;result_interpretation;emergency_warning;red_flag_general;test_result_explainer;red_flag_signs;results,urgent_advice;result_interpretation;emergency_warning;red_flag_general;test_result_explainer;red_flag_signs;results;test_use,False,False,False,False,False,eval_label_ambiguous,Eval row lacks aligned labels strong enough for oracle interpretation.
b4a_vi_058,tôi muốn đặt gói kiểm tra mỡ máu và đường huyết cuối tuần này,lipid_panel_cholesterol,lipid_panel_cholesterol;glucose_fasting_blood_glucose_diabetes_screening,results,results;test_meaning;test_result_explainer,results;test_meaning;test_result_explainer;result_interpretation;red_flag_general,results;test_meaning;test_result_explainer;result_interpretation;red_flag_general;test_use;preparation;emergency_warning;urgent_advice,results;test_meaning;test_result_explainer;result_interpretation;red_flag_general;test_use;preparation;emergency_warning;urgent_advice;general_info,False,False,False,False,False,candidate_missing_top20,"Expected topic is absent from semantic top20; candidate generation, query embedding, or alias coverage is the likely bottleneck. Query contains Vietnamese alias tied to expected topic."
b4a_vi_059,"cho tôi hẹn lấy mẫu máu sáng thứ hai, tôi đã chọn gói rồi",book_selected_package_sample,book_selected_package_sample,test_result_explainer,test_result_explainer;urgent_advice;test_meaning,test_result_explainer;urgent_advice;test_meaning;red_flag_general;results,test_result_explainer;urgent_advice;test_meaning;red_flag_general;results;result_interpretation;test_use;preparation;red_flag_signs,test_result_explainer;urgent_advice;test_meaning;red_flag_general;results;result_interpretation;test_use;preparation;red_flag_signs;emergency_warning;general_info,False,False,False,False,False,eval_label_ambiguous,Eval row lacks aligned labels strong enough for oracle interpretation.
b4a_vi_060,mình cần đổi lịch lấy mẫu tại nhà từ chiều nay sang sáng mai,reschedule_home_sample,reschedule_home_sample,urgent_advice,urgent_advice;result_interpretation;emergency_warning,urgent_advice;result_interpretation;emergency_warning;red_flag_general;red_flag_signs,urgent_advice;result_interpretation;emergency_warning;red_flag_general;red_flag_signs;test_result_explainer,urgent_advice;result_interpretation;emergency_warning;red_flag_general;red_flag_signs;test_result_explainer;test_use;test_meaning,False,False,False,False,False,eval_label_ambiguous,Eval row lacks aligned labels strong enough for oracle interpretation.
